Title,Author,Publisher,Year,Type,Status,Summary,ISBN13,DateAdded
三体,,,,,REVISED,物理学者の連続自殺事件と、迫り来る謎のカウントダウン。ナノマテリアル研究者の汪淼は、真相を追う中で、過酷な三体世界を生き抜くＶＲゲーム「三体」の存在を知る。文化大革命から現代へと至る壮大な歴史背景と、圧倒的なスケールで描かれるハードＳＦの金字塔。人類の運命を左右する未知の知的生命体との接触が、読者を未知なる宇宙の深淵へと誘い込む。,,
西洋の敗北 日本と世界に何が起きるのか,,,,,REVISED,ウクライナ戦争は、単なる局地戦ではなく西洋社会の崩壊の始まりに過ぎない。エマニュエル・トッドが、宗教や道徳の喪失、そしてアメリカを盟主とする西洋の自滅的没落を鋭く読み解く。民主主義の危機と新たな世界秩序の到来を予言し、日本が直面する地政学的な課題にも警鐘を鳴らす。歴史的視座から現代の国際情勢を俯瞰する、スリリングな思想書。,,
「好き」を言語化する技術 推しの素晴らしさを語りたいのに「やばい!」しかでてこない,,,,,REVISED,推しへの熱い想いが「やばい！」「尊い！」だけで終わってしまうあなたへ。書評家の三宅香帆が、自分の感情に深く向き合い、独自の解像度で「推し語り」を楽しむための文章術を伝授する。ＳＮＳでの発信からブログ、レビューまで、自分の言葉で感動を伝える方法を具体的に解説。言葉を紡ぐことで、推しへの愛がさらに深まる、すべてのオタク必読の指南書。,,
平和と愚かさ,,,,,REVISED,「平和とは、戦争について考えない愚かさの別名ではないか」。ウクライナやベトナム、沖縄など、歴史的記憶が刻まれた地を巡りながら、ＳＮＳ時代の過剰な政治化や分断に警鐘を鳴らす、思想家・東浩紀の渾身の哲学紀行。世界各地の風景と人々の営みを通じて、現代社会が抱える矛盾と危うさを浮き彫りにし、本当の意味での平和と人間の在り方を問い直す。,,
Occultic;Nine (3) -オカルティック・ナイン- (オーバーラップ文庫),,,,,REVISED,井の頭公園で発生した２５６人の集団自殺事件に世間が騒然とする中、我聞悠太は死亡者リストの中に自分と仲間たちの名前を発見し愕然とする。霊界との交信、黒魔術、そして世界の裏に隠された巨大な陰謀。散りばめられた伏線が一つに繋がり、生と死の境界が曖昧になる中で、悠太たちは自らの存在意義と世界の真実に迫る。手に汗握るオカルトサスペンス。,,
Occultic;Nine (2) -オカルティック・ナイン- (オーバーラップ文庫),,,,,REVISED,橋上教授の凄惨な死体発見現場に偶然居合わせた我聞悠太は、殺人の容疑を晴らすため、教授の息子であるサライと共に不可解な謎を追う。一方、井の頭公園では前代未聞の２５６人集団水死事件が発生し、事態はさらに混迷を極める。個性豊かな９人の男女の運命が複雑に交錯し、オカルトと科学が融合した予測不能のストーリーが加速していく。,,
Occultic;Nine (1) -オカルティック・ナイン- (オーバーラップ文庫),,,,,REVISED,吉祥寺を舞台に、アフィリエイトブログ「キリキリバサラ」を運営する我聞悠太を中心に、黒魔術代行屋、同人漫画家など、一癖も二癖もある９人の男女が、ある殺人事件をきっかけに不可解な運命の渦に巻き込まれていく。都市伝説や陰謀論が現実と交錯し、日常が徐々に狂気へと蝕まれていく様をスリリングに描いた、新感覚のオカルトサスペンスの幕開け。,,
アカギ 1 (バンブーコミックス),,,,,REVISED,莫大な借金に追われ、ヤクザとの麻雀勝負で絶体絶命の窮地に立たされていた南郷。彼の前に偶然現れたのは、ずぶ濡れの１３歳の白髪の少年、赤木しげるだった。麻雀のルールすら知らないはずの少年が、持ち前の度胸と天才的な直感でヤクザたちを翻弄していく。裏社会を震撼させることとなる伝説の雀士・アカギの誕生と、息を呑む心理戦を描いた傑作の原点。,,
アカギ (2) (近代麻雀コミックス バンブーコミックス),,,,,REVISED,ヤクザとの苛烈な麻雀勝負で、圧倒的な才能と異彩を放つ少年・アカギ。だが、彼の前に立ちはだかるのは、盲目でありながら恐ろしいまでの打牌精度と直感を誇る老獪な雀士・市川だった。互いの命とプライドを賭けた、常人には理解し得ない高次元の読み合いと駆け引き。闇の住人たちをも震え上がらせる、緊迫感に満ちた死闘が繰り広げられる。,,
アカギ (3) (近代麻雀コミックス バンブーコミックス),,,,,REVISED,盲目の天才雀士・市川との、血で血を洗うような壮絶な牌の削り合い。市川の老獪な駆け引きと冷酷な罠に対し、アカギは常軌を逸した心理戦と研ぎ澄まされた直感で真っ向から勝負を挑む。極限状態の中で見せるアカギの狂気とも言える打牌は、見る者を圧倒する。勝負の行方が全く読めない、ヒリヒリとするような緊張感が続く怒涛の展開。,,
アカギ 4 (バンブーコミックス),,,,,REVISED,市川との伝説の対局から５年の歳月が流れた。不良刑事・安岡の策略によって、再びヤクザの代打ちとして裏社会の勝負の場に引き戻されたアカギ。次なる標的は、緻密な計算と圧倒的な資金力で相手をねじ伏せる強敵・浦部。さらなる高みへと昇華したアカギの狂気と天才性が、新たな舞台でどのように発揮されるのか。新たなる戦いの幕が今、切って落とされる。,,
アカギ 5 (バンブーコミックス),,,,,REVISED,伝説の対局から５年。不良刑事の安岡が代打ちとして連れてきたのは、本物のアカギの名を騙る「ニセアカギ」だった。格上の雀士・浦部の巧妙な罠に嵌り、次第に追い詰められ翻弄されていくニセアカギ。窮地に陥ったその時、ついに本物の赤木しげるが姿を現す。偽物とは次元の違う圧倒的な存在感とプレッシャーが、場を支配していく。,,
アカギ 6 (バンブーコミックス),,,,,REVISED,強敵・浦部との勝負の最中、代打ちの席を引き継いだアカギ。一見すると無謀とも思える異端の打牌と、相手の心理を完全に掌握した圧倒的なブラフによって、不利だった場の空気を瞬く間に一変させていく。浦部の計算を狂わせ、恐怖のどん底に突き落とすアカギの常軌を逸した勝負勘。極限状態での心理戦の真骨頂が、ここに描かれる。,,
アカギ 7 (バンブーコミックス),,,,,REVISED,裏社会でその名を轟かせるアカギの前に、最強にして最狂の敵があらわれた。日本の闇を牛耳る帝王・鷲巣巌。自らの血液と、鷲巣の持つ莫大な財産を賭けた、まさに命懸けの狂気のギャンブル「鷲巣麻雀」の火蓋が遂に切って落とされる。透明な牌「ガラス牌」がもたらす異常な緊張感の中、生き残りを賭けた死闘が幕を開ける。,,
「振り仮名」があれば学力は上がるのか (ポプラ新書 286),,,,,REVISED,「漢字が読めないから、学ぶことそのものを諦めてしまう」。そんな知の格差をなくし、すべての人に平等な学びの入り口を開くためのインフラとして、「ルビ」がいかに重要かを説く画期的な提言書。著者自らが実践する総ルビ仕様のテキストを通じて、振り仮名が読解力や学習意欲に与える影響を多角的に分析し、教育の未来像を提示する。,,
本を読めなくなった人たち コスパとテキストメディアをめぐる現在形 (中公新書ラクレ),,,,,REVISED,なぜ私たちは、かつてのように長い文章に没頭できなくなったのか。タイパ至上主義の蔓延、短尺動画やＳＮＳの普及による情報受容の変容を背景に、活字メディアから離れつつある現代人の心理と社会構造を鋭く解き明かす。読書の喜びを取り戻すためのヒントを探りながら、テキスト文化の未来と、私たちが失いつつあるものについて深く考察する。,,
物語化批判の哲学 〈わたしの人生〉を遊びなおすために (講談社現代新書),,,,,REVISED,就職活動における「ガクチカ」や、ＳＮＳでの「推し活」など、自分の人生をわかりやすい「物語」として語る圧力に疲れてはいないだろうか。気鋭の研究者が分析美学の視点から、そうした物語化の枠組みが持つ危うさを指摘。人生をより自由に、そして豊かに「遊びなおす」ための実践的なアプローチを提案する、現代人のための処方箋。,,
増補改訂版 スマホ時代の哲学 「常時接続の世界」で失われた孤独をめぐる冒険,,,,,REVISED,スマートフォンによって「常時接続」が当たり前となった現代社会。私たちは常に情報にさらされ、静かに深く考える時間を奪われている。不確実なものに耐える力「ネガティブ・ケイパビリティ」を手がかりに、失われた孤独と集中の時間を取り戻すための思索の旅。デジタルデトックスのその先にある、真の心の平穏を見つけるための哲学書。,,
PLURALITY,,,,,REVISED,政治的・社会的な分断や対立が世界中で深まる中、台湾の元デジタル発展部長オードリー・タンらが提唱する新たな概念「プルラリティ（多元性）」。テクノロジーを駆使して多様な人々の声をつなぎ直し、対立を乗り越えて協働するための画期的なアプローチを紹介する。民主主義のアップデートを目指す、希望に満ちた未来のビジョン。,,
現代思想入門 (講談社現代新書),,,,,REVISED,難解なイメージが先行する現代思想を、かつてないほど平易に、そして実践的に解説する入門書。デリダ、ドゥルーズ、フーコーといった知の巨人たちの思想を、「秩序と逸脱」という軸から読み解く。複雑化する現代社会の問題を捉え直すための「高い解像度」と、思考の枠組みを揺さぶる知的ツールを読者に授ける、スリリングな思想のレッスン。,,
日本経済の死角 収奪的システムを解き明かす (ちくま新書 1840),,,,,REVISED,企業の生産性は向上しているはずなのに、なぜ私たちの実質賃金は上がらないのか。経済学者の河野龍太郎が、金融緩和や労働市場の構造など、７つの「死角」から現代日本の経済システムを徹底的に分析。家計が不当に収奪されるメカニズムを解き明かし、日本経済が直面する長期停滞の真の要因と、そこから抜け出すための道筋を提示する。,,
男はなぜ孤独死するのか 男たちの成功の代償,,,,,REVISED,なぜ男性は、女性に比べて孤独に陥りやすく、孤独死のリスクが高いのか。心理学者のトーマス・ジョイナーが、仕事での成功や男としてのプライドを優先するあまり、人間関係を犠牲にしてしまう「男らしさ」の危うさを指摘。豊富な統計データと心理学的知見から、男性が抱える孤独の深層心理と、その致命的な代償について警鐘を鳴らす。,,
週刊文春エンタ+ (文春ムック),,,,,REVISED,庵野秀明監督がメガホンを取った映画『シン・仮面ライダー』の魅力を徹底解剖する大特集号。主演の池松壮亮をはじめとする豪華キャストの鼎談や、監督自身のロングインタビューを収録。さらに、石ノ森章太郎による原作漫画の貴重なエピソード「一文字隼人、登場！」も特別付録として掲載。作品の深淵に迫る、特撮ファン必読の一冊。,,
週刊文春エンタ+ 総力特集 怪獣8号 (文春ムック),,,,,REVISED,大ヒットアニメ『怪獣８号』の魅力を余すところなく伝える総力特集。原作者・松本直也やメインキャスト陣への熱いインタビューはもちろん、第１話の精緻な絵コンテや、作品の世界観を形作る怪獣イメージボードなど、ここでしか見られない貴重な設定資料を多数収録。アニメ制作の裏側に迫り、作品をより深く楽しむためのファン必携ムック。,,
週刊文春エンタ+ 特集 機動戦士ガンダム (文春MOOK),,,,,REVISED,世代を超えて愛され続ける『機動戦士ガンダム』シリーズの魅力を再発見する特集号。安彦良和と樋口真嗣による豪華対談をはじめ、心に刺さる名セリフベスト１０、ザクの活躍に焦点を当てた名場面集、壮大な宇宙世紀事件史年表など、読み応え抜群の企画が満載。最新作の情報も網羅し、すべてのガンダムファンを熱狂させる一冊。,,
週刊文春エンタ! エンタメが私を救う。 (文春MOOK),,,,,REVISED,「エンタメが私を救う」をテーマに、映画、アニメ、漫画など多彩なジャンルを網羅した最強の総合エンタメ誌。広瀬アリスが語る漫画愛や、宮野真守・三石琴乃らトップ声優のインタビューを収録。さらに社会現象となった『愛の不時着』など、２０２０年を彩った韓流・アニメトレンドを総ざらいし、エンタメの持つ圧倒的なパワーを伝える。,,
週刊文春エンタ! アニメの力。 (文春MOOK),,,,,REVISED,完結編『シン・エヴァンゲリオン劇場版』の公開に向け、『エヴァンゲリオン』シリーズの軌跡を総力特集。これまでの物語の徹底解説に加え、緒方恵美、林原めぐみ、高橋洋子ら、作品を彩ってきたキャストやアーティストへの深いインタビューを収録。社会現象を巻き起こしたアニメの真髄に迫る、すべてのエヴァファン必読の完全保存版ムック。,,
文春ムック 週刊文春エンタ+(プラス) 特集『機動警察パトレイバー』 (文春ムック),,,,,REVISED,待望の新作『機動警察パトレイバー EZY』を中心に、長きにわたり愛されるパトレイバーシリーズを大特集。押井守と出渕裕というレジェンドクリエイターによる対談は必見。さらに、劇中で発生した事件を週刊誌風の切り口で紹介するユニークな記事や、ファンにはたまらない特別付録のポスター＆シールも収録した、充実のムック本。,,
コードギアス 反逆のルルーシュ ゼロ×ぴあ (ぴあMOOK),,,,,REVISED,劇場版『コードギアス 復活のルルーシュ』の公開を記念し、物語の鍵を握る仮面の男「ゼロ」の存在を多角的に掘り下げた一冊。複雑な人物相関図や心に響く名言集に加え、スザク役を務める櫻井孝宏のスペシャルコメントも収録。ゼロというキャラクターの魅力と、彼が歩んだ数奇な運命を振り返りながら、新作への期待を高めるファン必読の書。,,
STEINS;GATE 0 (6) (角川コミックス・エース),,,,,REVISED,愛する牧瀬紅莉栖を救うことをついに諦めてしまったβ世界線。深い失意と絶望の底に沈む岡部倫太郎だったが、紅莉栖の記憶と人格を持つ人工知能「アマデウス」との運命的な出会いによって、再び過酷な時間の歯車に巻き込まれていく。過去への執着と未来への希望が交錯する中、岡部が下す決断とは。正統続編のドラマが加速する。,,
STEINS;GATE 0 (5) (角川コミックス・エース),,,,,REVISED,牧瀬紅莉栖を救えなかった悲劇的なβ世界線を描く、『STEINS;GATE』の正統続編。彼女の記憶を精巧に宿すAI「アマデウス」との接触をきっかけに、日常を取り戻そうとしていた岡部倫太郎の周囲で、再び奇妙な異変が起き始める。タイムマシンを巡る各国の思惑が交錯し、見えない敵の影が徐々にラボメンたちへと忍び寄る。,,
STEINS;GATE 0 (4) (角川コミックス・エース),,,,,REVISED,最愛の紅莉栖の死というトラウマから立ち直れず、もがき苦しむ岡部倫太郎。β世界線において、人工知能「アマデウス」として蘇った彼女の記憶システムが、皮肉にもタイムマシン技術を巡る新たな世界規模の陰謀の扉を開いてしまう。狂気のマッドサイエンティスト「鳳凰院凶真」を封印した岡部を、逃れられない過酷な運命が待ち受ける。,,
STEINS;GATE ELITE 公式資料集 Deceive the World,,,,,REVISED,全編が美麗なアニメーションでフルリメイクされた『STEINS;GATE ELITE』の世界を深く堪能できる公式資料集。詳細なキャラクター解説や、アニメ制作用に描き起こされた豊かな表情集、複雑な世界線の分岐を解き明かす資料など、作品を読み解くための情報が満載。ラボメン必携の設定資料が収録された、ファン垂涎の一冊。,,
STEINS;GATE 0 (3) (角川コミックス・エース),,,,,REVISED,幾度ものタイムリープの末、紅莉栖を救うことを諦めたβ世界線の重苦しい物語。彼女の記憶を移植された人工知能「アマデウス」との邂逅が、深い喪失感を抱える岡部倫太郎を、再び出口のない時間の迷宮へと誘っていく。過去の記憶と目の前のAIの狭間で揺れ動く岡部の葛藤と、忍び寄る新たな危機を克明に描いたサスペンス。,,
STEINS;GATE 0 (2) (角川コミックス・エース),,,,,REVISED,牧瀬紅莉栖を永遠に失ったβ世界線。白衣を脱ぎ捨て普通の大学生として生きようとする岡部倫太郎の前に現れたのは、人工知能「アマデウス」に搭載された紅莉栖の記憶システムだった。彼女の遺した理論を巡り、再び水面下で激しいタイムマシン争奪戦が幕を開ける。平穏な日常が徐々に崩れ去っていく様を描く、緊迫のストーリー。,,
STEINS;GATE 0 (1) (角川コミックス・エース),,,,,REVISED,紅莉栖の死という最悪の結末を回避できなかったβ世界線。深い絶望を抱える岡部倫太郎は、彼女の記憶を完全に受け継ぐAI「アマデウス」との出会いを機に、目を背けていた過去と再び対峙することになる。失われたはずの天才少女の記憶がもたらすのは、希望かそれとも破滅か。運命に抗う者たちの新たな戦いが、ここから始まる。,,
STEINS;GATE 0 コミックアンソロジー (IDコミックス・DNAメディアコミックス),,,,,REVISED,『STEINS;GATE 0』の重厚な世界観を彩るコミックアンソロジー。紅莉栖を救えなかった悲哀漂うβ世界線を舞台に、豪華執筆陣がそれぞれの独自の視点と解釈で描く、ラボメンたちのささやかな日常と珠玉の短編集。本編のシリアスな展開の合間に見せる、彼らの人間味溢れるやり取りや隠された感情が、読者の心を温かく包み込む。,,
STEINS;GATE 0 電撃コミックアンソロジー (電撃コミックスEX),,,,,REVISED,『STEINS;GATE 0』を愛する作家陣が集結した電撃コミックアンソロジー。お馴染みのラボメンたちに加え、AI「アマデウス」や真帆といった新キャラクターたちも交え、β世界線で紡がれるもうひとつの日常をコミカルかつドラマチックに描く。本編とは一味違うキャラクターたちの魅力が詰まった、ファン必見のショートストーリーズ。,,
STEINS;GATE 0 公式資料集 Amadeus’ Script,,,,,REVISED,アドベンチャーゲーム『STEINS;GATE 0』の魅力を徹底解剖する公式資料集。未公開のキャラクター設定画や美麗なイベントCGを惜しみなく収録するだけでなく、複雑に絡み合う伏線や分岐する世界線の構造を論理的に解説。β世界線の全貌に迫る詳細な考察は、ゲーム本編をプレイしたファンにとって新たな発見をもたらす必読の一冊となっている。,,
STEINS;GATE 永劫回帰のパンドラ(1) (ファミ通クリアコミックス),,,,,REVISED,牧瀬紅莉栖を救えなかったβ世界線。深い絶望と後悔を抱えながら大学生活を送る岡部倫太郎は、ある日のセミナーで紅莉栖の先輩である比屋定真帆と運命的な出会いを果たす。彼女が関わる人工知能「アマデウス」の存在が、過去と未来を巻き込む新たな悲劇と希望への扉を開く。救済なき世界で足掻く狂気のマッドサイエンティストの、もうひとつの物語が幕を開ける。,,
STEINS;GATE 無限遠点のアークライト (ヤングジャンプコミックス),,,,,REVISED,運命の収束に抗えず、岡部倫太郎がタイムマシンでの救出を諦めてしまったβ世界線。悲しみに暮れる彼を救うため、椎名まゆりは阿万音鈴羽と共にタイムマシン「C204型」に乗り込み、過去へ跳躍する決意を固める。彼女の純粋な想いと切ない決断が、絶望に染まる未来の軌跡をどう変えていくのか。まゆりの視点から紡がれる、もう一つの『シュタインズ・ゲート』の感動作。,,
TVAnime STEINS;GATE OFFICIAL GUIDEBOOK 記憶補完のモノグラフ,,,,,REVISED,大ヒットを記録したTVアニメ『シュタインズ・ゲート』の世界をより深く楽しむための公式ガイドブック。全24話にわたる怒涛のストーリーラインを詳細に解説するとともに、岡部倫太郎役の宮野真守ら豪華声優陣の熱い想いが語られる特別インタビューを収録。さらに、アニメ制作陣による緻密な設定資料も網羅されており、物語の裏側に隠された制作秘話を楽しめる。,,
STEINS;GATE 相思相愛のトゥルーメモリーズ,,,,,REVISED,TVアニメ『シュタインズ・ゲート』を彩るヒロインたちの魅力が詰まったファン必携のデータブック。岡部倫太郎と橋田至の軽妙なナビゲートのもと、ラボメンガールズの素顔や劇中の名シーンを振り返る。豪華イラストレーター陣による描き下ろしピンナップや、キャスト陣による裏話満載の対談企画など、キャラクターたちの新たな一面を堪能できる充実のコンテンツ。,,
シュタインズ・ゲート 公式資料集,,,,,REVISED,想定科学アドベンチャーゲーム『STEINS;GATE』の奥深い世界観を網羅した公式資料集。初期のキャラクター設定画や背景美術をはじめ、緻密に構成されたシナリオの全体像、巧妙に張られた伏線の解析など、ファンが知りたい情報を徹底解説。さらに、開発スタッフによる制作秘話やインタビューも収録されており、ゲームの裏側に迫る圧倒的な情報量を誇る一冊。,,
スノウボールアース = SNOW BALL EARTH. 2,,,,,REVISED,宇宙の脅威である銀河怪獣との激闘を終え、ついに地球への帰還を果たした鉄男。しかし、彼を待ち受けていたのは、一面が氷に覆われた過酷な「凍結地球」の姿だった。相棒である自律稼働ロボット・ユキオと共に、変わり果てた故郷で新たな謎と過酷な運命に立ち向かう。圧倒的なスケールで描かれるSFサバイバルアクション、手に汗握る展開が続く注目のストーリー。,,
スノウボールアース = SNOW BALL EARTH. 1,,,,,REVISED,西暦2025年、地球に襲来した巨大な銀河怪獣に対抗するため、人見知りの少年・鉄男は自律稼働型の巨大ロボット「ユキオ」に乗り込み、命懸けの戦いに身を投じる。奇跡的に人類を救い、宇宙から生還した彼だったが、辿り着いた地球は氷河期のような雪と氷の世界に豹変していた。絶望的な状況下で少年とロボットの絆が試される、新感覚のSF冒険活劇が開幕。,,
アニメーションと国家,,,,,REVISED,日本のアニメーションがいかにして制度化され、国家との関わりの中で発展してきたかを多角的に考察する学術的研究書。戦時中におけるプロパガンダ映画制作現場の過酷な労働環境から、現代の宮崎駿監督作品『君たちはどう生きるか』に至るまで、アニメと政治・社会の密接な関係性を浮き彫りにする。映像文化の裏側にある歴史的背景を深く理解できる貴重な一冊。,,
ANIMAGE LIBRARY VOL.1 DVD BOOK「ほしのこえ」,,,,,REVISED,日本のアニメ界に衝撃を与えた新海誠監督の商業デビュー作『ほしのこえ』の魅力を凝縮した完全版DVDブック。デジタル環境で制作されたオリジナル版の高画質映像に加え、新海監督直筆による絵コンテの全貌を収録。個人制作から始まった本作がどのようにして生み出されたのか、その原点と制作過程の熱量を感じ取れる、アニメーションファン必見の豪華な資料集。,,
最終兵器彼女（2）,,,,,REVISED,北海道の静かな田舎町で、不器用ながらも初々しい交際をスタートさせた高校生のシュウジとちせ。しかし、突如として街が空襲に見舞われ、日常は無惨にも引き裂かれる。炎と瓦礫の中でシュウジが目撃したのは、自衛隊の「最終兵器」として全身を機械に改造され、空を飛び交うちせの姿だった。過酷な運命に翻弄される二人の愛と絶望を描く、衝撃のSFラブストーリー。,,
最終兵器彼女（3）,,,,,REVISED,北海道の静かな田舎町で、不器用ながらも初々しい交際をスタートさせた高校生のシュウジとちせ。しかし、突如として街が空襲に見舞われ、日常は無惨にも引き裂かれる。炎と瓦礫の中でシュウジが目撃したのは、自衛隊の「最終兵器」として全身を機械に改造され、空を飛び交うちせの姿だった。過酷な運命に翻弄される二人の愛と絶望を描く、衝撃のSFラブストーリー。,,
最終兵器彼女（4）,,,,,REVISED,北海道の静かな田舎町で、不器用ながらも初々しい交際をスタートさせた高校生のシュウジとちせ。しかし、突如として街が空襲に見舞われ、日常は無惨にも引き裂かれる。炎と瓦礫の中でシュウジが目撃したのは、自衛隊の「最終兵器」として全身を機械に改造され、空を飛び交うちせの姿だった。過酷な運命に翻弄される二人の愛と絶望を描く、衝撃のSFラブストーリー。,,
最終兵器彼女（5）,,,,,REVISED,北海道の静かな田舎町で、不器用ながらも初々しい交際をスタートさせた高校生のシュウジとちせ。しかし、突如として街が空襲に見舞われ、日常は無惨にも引き裂かれる。炎と瓦礫の中でシュウジが目撃したのは、自衛隊の「最終兵器」として全身を機械に改造され、空を飛び交うちせの姿だった。過酷な運命に翻弄される二人の愛と絶望を描く、衝撃のSFラブストーリー。,,
最終兵器彼女（6）,,,,,REVISED,北海道の静かな田舎町で、不器用ながらも初々しい交際をスタートさせた高校生のシュウジとちせ。しかし、突如として街が空襲に見舞われ、日常は無惨にも引き裂かれる。炎と瓦礫の中でシュウジが目撃したのは、自衛隊の「最終兵器」として全身を機械に改造され、空を飛び交うちせの姿だった。過酷な運命に翻弄される二人の愛と絶望を描く、衝撃のSFラブストーリー。,,
最終兵器彼女（7）,,,,,REVISED,北海道の静かな田舎町で、不器用ながらも初々しい交際をスタートさせた高校生のシュウジとちせ。しかし、突如として街が空襲に見舞われ、日常は無惨にも引き裂かれる。炎と瓦礫の中でシュウジが目撃したのは、自衛隊の「最終兵器」として全身を機械に改造され、空を飛び交うちせの姿だった。過酷な運命に翻弄される二人の愛と絶望を描く、衝撃のSFラブストーリー。,,
エロマンガ表現史,,,,,REVISED,成人向け漫画における特有のデフォルメや記号的表現がいかにして進化してきたかを、体系的かつ真面目に考察する画期的な漫画評論書。おっぱい表現の変遷をはじめ、触手やアヘ顔といった特殊なフェティシズムの系譜について、膨大な一次資料に基づき深く掘り下げる。エロマンガというサブカルチャーの歴史的背景と表現の豊かさを学術的視点から紐解く意欲作。,,
顔ハメ看板　ハマり道,,,,,REVISED,自らを「顔ハメ看板ニスト」と名乗る著者の塩谷朋之が、全国各地を巡って撮影した膨大かつユニークな看板コレクションを大公開。単なる観光地の記念撮影に留まらず、いかにして看板の魅力を最大限に引き出すかという独自の哲学や、顔をハメる際のストイックな姿勢が語られる。シュールな写真の数々とともに、看板への並々ならぬ愛情が綴られた異色のエンタメ写真集。,,
なぜ働いていると本が読めなくなるのか,,,,,REVISED,学生時代は本を愛読していたのに、就職した途端に読書ができなくなってしまった著者の実体験を出発点に、「労働」と「読書」の歴史的な変遷を紐解く。現代人が仕事に忙殺され、趣味を楽しむ精神的・時間的余裕を奪われている社会構造の歪みを鋭く指摘。どうすれば私たちは人間らしい豊かな生活を取り戻せるのか、働き方の根本的な見直しを提言する必読の新書。,,
ひとりあそびの教科書,,,,,REVISED,SNSなどで他人の目を気にしてしまいがちな現代において、純粋に自分の好きなことに没頭する「ひとりあそび」の真の価値と楽しみ方を説く指南書。プラモデル作りや昆虫採集など、孤独を恐れずに一つの世界に深く入り込むことで、自己と向き合い精神的な豊かさを手に入れる具体的なアプローチを紹介。ストレス社会を生き抜くための、心地よい一人時間の過ごし方を提案する。,,
現代横歩取りのすべて,,,,,REVISED,将棋界で日々進化を続ける「横歩取り」の最新事情と緻密な定跡を分かりやすくまとめた戦術書。特に後手番にとって有利とされてきた「△8四飛・5二玉型」に対して、先手番がいかにして主導権を握るべきかという具体的な対策を徹底的に解説。プロ棋士同士のハイレベルで複雑な変化を体系的に整理しており、実戦での勝率アップを目指す有段者にとって必携の一冊。,,
ブラッドハーレーの馬車,,,,,REVISED,華やかで誰もが憧れる歌劇団の舞台に立つことを夢見る孤児院の少女たち。しかし、名家ブラッドハーレーの養女として選ばれ、希望に胸を膨らませて馬車に乗った彼女たちを待ち受けていたのは、監獄に収容された囚人たちの慰み者となる絶望的な運命だった。無慈悲な現実と少女たちの儚い希望が交錯する、人間の狂気と残酷さを美しくも恐ろしく描き出したダークファンタジー。,,
新海誠論,,,,,REVISED,『ほしのこえ』からメガヒット作『すずめの戸締まり』に至るまで、新海誠監督が描き続けてきたテーマの変遷を鋭く分析する本格的評論集。ロスジェネ世代の著者ならではの視点から、作品に込められた気候変動への危機感や、地方と都市の分断といった現代社会の構造的問題を読み解く。単なるアニメ作品の解説を超え、「思想家」としての新海誠の姿を浮き彫りにする。,,
西洋の敗北と日本の選択,,,,,REVISED,世界的ベストセラー『西洋の敗北』の著者が、激動の国際情勢に直面する日本に向けて放つ衝撃的な提言の数々。長期化するウクライナ戦争や超大国アメリカの相対的衰退を冷静に分析し、西洋社会の内部崩壊がもたらす地政学的リスクを警告する。欧米のヒステリックな価値観の押し付けから距離を置き、日本がいかにして独自の生存戦略を構築すべきかを説く国際政治論。,,
あの国の本当の思惑を見抜く 地政学,,,,,REVISED,「地理が檻ならば、国家はそこから逃れられない囚人である」。人気YouTubeチャンネル「社會部部長」の著者が、難解な地政学の基礎を驚くほど平易に解説する入門書。アメリカ、ロシア、中国など大国が抱える根本的な弱点や行動原理を、地形や海峡といった地理的制約の観点から鮮やかに解き明かす。世界のニュースの裏側に隠された「本当の思惑」が見えてくる一冊。,,
絶対に行けない世界の非公開区域99,,,,,REVISED,ナチス・ドイツ時代のヒトラーの地下壕跡から、厳重に管理されたモルモン教の巨大な記録保管庫まで。地球上に存在しながらも、軍事機密や極端な危険性、宗教的タブーなどの理由で一般人が決して立ち入ることのできない99の非公開区域を網羅。豊富な写真と詳細な地図を交えながら、立ち入り禁止区域に隠された知られざる歴史と謎に満ちた真実をスリリングに紹介する。,,
行方不明展,,,,,REVISED,「行方不明になりたい」と強く願う人間の前にだけ現れるという、不気味な異世界への入り口。気鋭のホラー作家・梨らが手掛けた話題の同名展覧会をベースに、架空の失踪者たちが残した不可解な文章や不穏な生活の痕跡をまとめた異色の書籍。ページをめくるごとにじわじわと迫り来る恐怖と、現実と虚構の境界が曖昧になるような極上の悪夢的体験を味わえるホラー作品。,,
怪獣から読む戦後ポピュラー・カルチャー,,,,,REVISED,1954年の初代『ゴジラ』が持っていた強烈な反核メッセージや社会批評性は、なぜその後の作品群から失われてしまったのか。戦後の特撮映画の歴史を皮切りに、怪獣ブームや現代のオタク文化への変遷を辿りながら、日本のポピュラーカルチャーがいかにして「非政治的」で消費的なものへと変容していったかを鋭く読み解く。カルチュラル・スタディーズの視点が光る研究書。,,
イルミナティ ニューワールドオーダー裏解説ブック,,,,,REVISED,9.11同時多発テロや世界的なパンデミックを予言していたとして、オカルト界隈で熱狂的な支持を集める「イルミナティカード」。本書では全412種類にも及ぶカードの不気味な絵柄をオールカラーで収録し、それぞれのカードが象徴する秘密結社の陰謀や歴史的事件との関連性を都市伝説の視点から徹底解説。世界の裏側を覗き見るような、危険な魅力に満ちたオカルト考察本。,,
知識検定事典,,,,,REVISED,幅広いジャンルの教養を問うオンラインテスト「知識検定」から、厳選された良問1000問を一挙に収録。政治、経済、歴史から最新のポップカルチャーに至るまで、大人が知っておくべき森羅万象をクイズ形式で楽しみながら学べる。単なる問題集にとどまらず、事典レベルの充実した詳細な解説が付随しており、自身の知識の穴を埋めながら教養を深めることができる決定版。,,
SAVE THE CATの法則 : 本当に売れる脚本術,,,,,REVISED,ハリウッドの映画会社が「絶対に売れる」と太鼓判を押すシナリオには、一体どのような秘密が隠されているのか。物語の展開を15の緻密なステップに分解する「ブレイク・スナイダー・ビート・シート」を提唱し、読者の心を掴むための超実践的なテクニックを公開。映画のみならず、小説や漫画などあらゆるストーリーテリングに応用できる、すべての創作者に向けた必携のバイブル。,,
謎検対策問題集2024春,,,,,REVISED,日本で唯一となる「謎解き能力検定（謎検）」の公式対策問題集。2023年秋に実施された実際の過去問50問に加え、本書のためだけに書き下ろされたオリジナル模擬問題など計80問を収録。すべての問題に丁寧な解説と解法の糸口が記されており、本番に向けた対策はもちろん、日常的に謎解きを楽しみたい愛好家たちの実力試しや頭の体操としても十二分に楽しめる充実の一冊。,,
真・バトル奥義（9）,,,,,REVISED,ニンテンドー3DS用ソフト『ポケットモンスター オメガルビー・アルファサファイア』におけるシングルバトルを極めるための攻略本。全国トップクラスの実力を持つプレイヤーたちによる高度な戦術解説や、現環境で猛威を振るう有力パーティの育成論を網羅。対戦の基礎から相手の選出を読む高度な心理戦まで、ガチ対戦で勝率を上げるためのノウハウが凝縮された指南書。,,
私を球場に連れてって！　1,,,,,REVISED,野球のルールはおろか、スポーツ観戦にも全く興味がなかった女子高生のタマ。しかし高校の入学初日、熱狂的な西武ファンである同級生のレオナが起こした喧嘩に巻き込まれ、そのまま無理やり球場へと連行されてしまう。個性豊かなファンたちとの出会いやドタバタ劇を通じて、未知の世界だった野球観戦の面白さに少しずつ触れていく姿を描いた、ドタバタ日常コメディ。,,
私を球場に連れてって！　2,,,,,REVISED,ひょんなことから球場へ連行され、野球観戦デビューを果たした女子高生のタマ。ルールも分からなかった彼女だが、強烈な個性を持つ新たなファン仲間たちとの交流や、球場ならではの絶品「球場飯」の魅力を通して、次第にスタジアムの熱気とプロ野球の奥深さに魅了されていく。応援席の悲喜こもごもをユーモアたっぷりに描き出した、野球観戦コメディのさらなる熱戦。,,
私を球場に連れてって！　3,,,,,REVISED,すっかり野球観戦の魅力に取り憑かれ、立派な球場通い女子へと成長したタマ。名物の「球場飯」を堪能しながら、夢のオールスターゲーム観戦や遠征応援など、ファンとしての楽しみ方をどんどん広げていく。一方で、どんなに愛していても勝てない弱小球団を応援し続けるファンの切ない悲哀や、それでも見捨てられない熱狂ぶりがリアルに描かれる、共感必至のコメディ。,,
私を球場に連れてって！　4,,,,,REVISED,野球知識ゼロから始まり、今やすっかり球場の熱気に魅了されたタマと、周囲を取り巻く熱狂的なファンの仲間たち。贔屓の弱小球団がどんなに不甲斐ない試合を見せようとも、彼らの変わらぬ野球愛と熱い友情は揺るがない。笑いあり涙ありの応援席の風景と、プロ野球ファン特有の悲哀や喜びがぎっしり詰まった大人気野球観戦コメディの、堂々たるフィナーレを飾る一冊。,,
ぱいどん　AIで挑む手塚治虫の世界,,,,,REVISED,もしも漫画の神様・手塚治虫が現代に生きており、最新のテクノロジーを駆使して新作を描き下ろしたら。膨大な過去作品のデータをAIに学習させ、人間のクリエイターと人工知能がタッグを組んで生み出された衝撃の漫画作品。記憶を失い、ホームレスとして生きる謎の主人公・ぱいどんの活躍を描くとともに、前代未聞の制作プロジェクトの裏側に迫るドキュメントも収録。,,
アニメ95．2,,,,,REVISED,漫画家・春原ロビンソンが、かつてアニメ制作会社の「制作進行」として働いていた時代の実体験を赤裸々に綴ったエッセイ漫画。深夜労働や理不尽なトラブルが日常茶飯事という過酷な現場のリアルを、作者ならではのコミカルでユーモアたっぷりのタッチで描き出す。アニメ業界の裏側や、クリエイターたちの知られざる苦労、そして作品が完成するまでの泥臭い道のりが詳細に描かれており、アニメ制作の舞台裏に興味がある読者にとっては非常に貴重で興味深い一冊となっている。,,
ヘルタースケルター,,,,,REVISED,誰もが羨む圧倒的な美貌とスタイルで芸能界の頂点に君臨するトップスター・りりこ。しかし、その美しさは全身に危険な整形手術を施して作り上げられた「つくりもの」だった。過度な手術の副作用が徐々に彼女の心と体を蝕み、周囲の人間を巻き込みながら後戻りできない破滅への道を突き進んでいく。人間の持つ尽きることのない欲望や美への異常な執着、そして華やかな芸能界の底知れぬ闇を鋭く描き出した、岡崎京子が放つ衝撃のサイコロジカルホラーにして代表的傑作。,,
リバーズ・エッジオリジナル復刻版,,,,,REVISED,1990年代の無機質な郊外の街を舞台に、どこか空虚な日々を送る女子高生のハルナと、いじめられっ子の同級生・山田。彼らは河川敷の茂みに放置された身元不明の死体を秘密の共有物として結びつき、特異な関係を築いていく。行き場のない閉塞感、鬱屈とした感情、そして日常に潜む暴力や死の気配。平坦な日常の中で次第に壊れていく若者たちの脆く残酷な青春の痛みを、冷徹かつ詩的な視点で生々しく描き出した、時代を超えて語り継がれる岡崎京子の最高傑作のひとつ。,,
pink新装版,,,,,REVISED,一見すると普通のOLとして働く主人公のユミは、自宅のマンションで密かにペットのワニを飼育している。その高額な餌代を稼ぎ、自由で満ち足りた生活を維持するために、彼女は夜の街で別の仕事に身を投じていた。高度経済成長を経た1980年代の日本社会を背景に、「愛と資本主義」という普遍的なテーマを軽やかかつシニカルな視点で描き出す。物質的な豊かさの中で心の空虚さを抱える人々の姿を、ポップな絵柄と鮮烈な心理描写で鮮明に切り取った岡崎京子の傑作。,,
プラネテス（1）,,,,,REVISED,西暦2075年、人類が宇宙空間を生活圏とするようになった近未来。宇宙開発の進展とともに深刻な社会問題となっているのが、軌道上を漂う宇宙ゴミ「スペースデブリ」だった。デブリ回収船「DS-12（通称トイボックス）」に乗る青年ハチマキは、いつか自分だけの宇宙船を購入するという大きな夢を抱きながら、同僚のユーリやフィーたちと共に危険と隣り合わせのゴミ拾い任務に日々奮闘している。広大な宇宙を舞台に、人間の夢や孤独、エゴイズム、そして愛といった普遍的かつ深遠なテーマを、圧倒的なリアリティと人間ドラマで描き出したハードSFの名作。,,
プラネテス（2）,,,,,REVISED,西暦2075年、人類が宇宙空間を生活圏とするようになった近未来。宇宙開発の進展とともに深刻な社会問題となっているのが、軌道上を漂う宇宙ゴミ「スペースデブリ」だった。デブリ回収船「DS-12（通称トイボックス）」に乗る青年ハチマキは、いつか自分だけの宇宙船を購入するという大きな夢を抱きながら、同僚のユーリやフィーたちと共に危険と隣り合わせのゴミ拾い任務に日々奮闘している。広大な宇宙を舞台に、人間の夢や孤独、エゴイズム、そして愛といった普遍的かつ深遠なテーマを、圧倒的なリアリティと人間ドラマで描き出したハードSFの名作。,,
プラネテス（3）,,,,,REVISED,西暦2075年、人類が宇宙空間を生活圏とするようになった近未来。宇宙開発の進展とともに深刻な社会問題となっているのが、軌道上を漂う宇宙ゴミ「スペースデブリ」だった。デブリ回収船「DS-12（通称トイボックス）」に乗る青年ハチマキは、いつか自分だけの宇宙船を購入するという大きな夢を抱きながら、同僚のユーリやフィーたちと共に危険と隣り合わせのゴミ拾い任務に日々奮闘している。広大な宇宙を舞台に、人間の夢や孤独、エゴイズム、そして愛といった普遍的かつ深遠なテーマを、圧倒的なリアリティと人間ドラマで描き出したハードSFの名作。,,
プラネテス（4）,,,,,REVISED,西暦2075年、人類が宇宙空間を生活圏とするようになった近未来。宇宙開発の進展とともに深刻な社会問題となっているのが、軌道上を漂う宇宙ゴミ「スペースデブリ」だった。デブリ回収船「DS-12（通称トイボックス）」に乗る青年ハチマキは、いつか自分だけの宇宙船を購入するという大きな夢を抱きながら、同僚のユーリやフィーたちと共に危険と隣り合わせのゴミ拾い任務に日々奮闘している。広大な宇宙を舞台に、人間の夢や孤独、エゴイズム、そして愛といった普遍的かつ深遠なテーマを、圧倒的なリアリティと人間ドラマで描き出したハードSFの名作。,,
無職、川、ブックオフ,,,,,REVISED,大学卒業後も就職せず、30歳になるまで無職として過ごしていたWebライターのマンスーンが、自身のモラトリアムな日々を振り返る自伝的エッセイ。目的もなく深夜の街を徘徊する散歩、足繁く通い詰めたブックオフでの立ち読み、そして将来への漠然とした不安と焦燥感。社会のレールから外れた生活の中で感じる怠惰で愉快な時間と、時折胸を刺す切実な感情が、独特のユーモアを交えて綴られる。何も成し遂げていない日々の尊さと滑稽さが詰まった、読者の心に静かに寄り添う一冊。,,
バーナード嬢曰く。,,,,,REVISED,「本は読まないけれど、読書家としてかっこよく見られたい」という不純な動機を持つ女子高生・町田さわ子（通称バーナード嬢）。そんな彼女を中心に、SF小説をこよなく愛するガチの読書家・神林しおりや、図書委員の仲間たちが学校の図書室に集い、古今東西の名著について熱く、そして時に脱力感たっぷりに語り合う文学ギャグコメディ。「読書あるある」や名作文学に対する独特の解釈、そして本を愛する者ならではの偏愛ぶりがコミカルに描かれ、本好きなら思わず頷いてしまう魅力に溢れた作品。,,
バーナード嬢曰く。（2）,,,,,REVISED,「本は読まないけれど、読書家としてかっこよく見られたい」という不純な動機を持つ女子高生・町田さわ子（通称バーナード嬢）。そんな彼女を中心に、SF小説をこよなく愛するガチの読書家・神林しおりや、図書委員の仲間たちが学校の図書室に集い、古今東西の名著について熱く、そして時に脱力感たっぷりに語り合う文学ギャグコメディ。「読書あるある」や名作文学に対する独特の解釈、そして本を愛する者ならではの偏愛ぶりがコミカルに描かれ、本好きなら思わず頷いてしまう魅力に溢れた作品。,,
バーナード嬢曰く。（3）,,,,,REVISED,「本は読まないけれど、読書家としてかっこよく見られたい」という不純な動機を持つ女子高生・町田さわ子（通称バーナード嬢）。そんな彼女を中心に、SF小説をこよなく愛するガチの読書家・神林しおりや、図書委員の仲間たちが学校の図書室に集い、古今東西の名著について熱く、そして時に脱力感たっぷりに語り合う文学ギャグコメディ。「読書あるある」や名作文学に対する独特の解釈、そして本を愛する者ならではの偏愛ぶりがコミカルに描かれ、本好きなら思わず頷いてしまう魅力に溢れた作品。,,
バーナード嬢曰く。(5),,,,,REVISED,「本は読まないけれど、読書家としてかっこよく見られたい」という不純な動機を持つ女子高生・町田さわ子（通称バーナード嬢）。そんな彼女を中心に、SF小説をこよなく愛するガチの読書家・神林しおりや、図書委員の仲間たちが学校の図書室に集い、古今東西の名著について熱く、そして時に脱力感たっぷりに語り合う文学ギャグコメディ。「読書あるある」や名作文学に対する独特の解釈、そして本を愛する者ならではの偏愛ぶりがコミカルに描かれ、本好きなら思わず頷いてしまう魅力に溢れた作品。,,
バーナード嬢曰く。 (6),,,,,REVISED,「本は読まないけれど、読書家としてかっこよく見られたい」という不純な動機を持つ女子高生・町田さわ子（通称バーナード嬢）。そんな彼女を中心に、SF小説をこよなく愛するガチの読書家・神林しおりや、図書委員の仲間たちが学校の図書室に集い、古今東西の名著について熱く、そして時に脱力感たっぷりに語り合う文学ギャグコメディ。「読書あるある」や名作文学に対する独特の解釈、そして本を愛する者ならではの偏愛ぶりがコミカルに描かれ、本好きなら思わず頷いてしまう魅力に溢れた作品。,,
バーナード嬢曰く。（4）,,,,,REVISED,「本は読まないけれど、読書家としてかっこよく見られたい」という不純な動機を持つ女子高生・町田さわ子（通称バーナード嬢）。そんな彼女を中心に、SF小説をこよなく愛するガチの読書家・神林しおりや、図書委員の仲間たちが学校の図書室に集い、古今東西の名著について熱く、そして時に脱力感たっぷりに語り合う文学ギャグコメディ。「読書あるある」や名作文学に対する独特の解釈、そして本を愛する者ならではの偏愛ぶりがコミカルに描かれ、本好きなら思わず頷いてしまう魅力に溢れた作品。,,
バーナード嬢曰く。 (7),,,,,REVISED,「本は読まないけれど、読書家としてかっこよく見られたい」という不純な動機を持つ女子高生・町田さわ子（通称バーナード嬢）。そんな彼女を中心に、SF小説をこよなく愛するガチの読書家・神林しおりや、図書委員の仲間たちが学校の図書室に集い、古今東西の名著について熱く、そして時に脱力感たっぷりに語り合う文学ギャグコメディ。「読書あるある」や名作文学に対する独特の解釈、そして本を愛する者ならではの偏愛ぶりがコミカルに描かれ、本好きなら思わず頷いてしまう魅力に溢れた作品。,,
波よ聞いてくれ（1）,,,,,REVISED,北海道の札幌市にあるスープカレー店で働く、感情の起伏が激しく破天荒な女性・鼓田ミナレ。彼女がバーで失恋の愚痴をこぼしていたところ、その声と喋りの才能に目をつけた地元ラジオ局の敏腕ディレクター・麻藤によって、なんと深夜ラジオ番組のパーソナリティに大抜擢されてしまう。予測不能なトーク力と持ち前のバイタリティで、次々と巻き起こるトラブルや奇妙な事件を強引に乗り越えていくミナレの姿を描く。圧倒的な台詞量と疾走感あふれる展開で読者を魅了する、異色のラジオ業界コメディ。,,
波よ聞いてくれ（2）,,,,,REVISED,北海道の札幌市にあるスープカレー店で働く、感情の起伏が激しく破天荒な女性・鼓田ミナレ。彼女がバーで失恋の愚痴をこぼしていたところ、その声と喋りの才能に目をつけた地元ラジオ局の敏腕ディレクター・麻藤によって、なんと深夜ラジオ番組のパーソナリティに大抜擢されてしまう。予測不能なトーク力と持ち前のバイタリティで、次々と巻き起こるトラブルや奇妙な事件を強引に乗り越えていくミナレの姿を描く。圧倒的な台詞量と疾走感あふれる展開で読者を魅了する、異色のラジオ業界コメディ。,,
波よ聞いてくれ（3）,,,,,REVISED,北海道の札幌市にあるスープカレー店で働く、感情の起伏が激しく破天荒な女性・鼓田ミナレ。彼女がバーで失恋の愚痴をこぼしていたところ、その声と喋りの才能に目をつけた地元ラジオ局の敏腕ディレクター・麻藤によって、なんと深夜ラジオ番組のパーソナリティに大抜擢されてしまう。予測不能なトーク力と持ち前のバイタリティで、次々と巻き起こるトラブルや奇妙な事件を強引に乗り越えていくミナレの姿を描く。圧倒的な台詞量と疾走感あふれる展開で読者を魅了する、異色のラジオ業界コメディ。,,
波よ聞いてくれ（4）,,,,,REVISED,北海道の札幌市にあるスープカレー店で働く、感情の起伏が激しく破天荒な女性・鼓田ミナレ。彼女がバーで失恋の愚痴をこぼしていたところ、その声と喋りの才能に目をつけた地元ラジオ局の敏腕ディレクター・麻藤によって、なんと深夜ラジオ番組のパーソナリティに大抜擢されてしまう。予測不能なトーク力と持ち前のバイタリティで、次々と巻き起こるトラブルや奇妙な事件を強引に乗り越えていくミナレの姿を描く。圧倒的な台詞量と疾走感あふれる展開で読者を魅了する、異色のラジオ業界コメディ。,,
波よ聞いてくれ（5）,,,,,REVISED,北海道の札幌市にあるスープカレー店で働く、感情の起伏が激しく破天荒な女性・鼓田ミナレ。彼女がバーで失恋の愚痴をこぼしていたところ、その声と喋りの才能に目をつけた地元ラジオ局の敏腕ディレクター・麻藤によって、なんと深夜ラジオ番組のパーソナリティに大抜擢されてしまう。予測不能なトーク力と持ち前のバイタリティで、次々と巻き起こるトラブルや奇妙な事件を強引に乗り越えていくミナレの姿を描く。圧倒的な台詞量と疾走感あふれる展開で読者を魅了する、異色のラジオ業界コメディ。,,
波よ聞いてくれ（6）,,,,,REVISED,北海道の札幌市にあるスープカレー店で働く、感情の起伏が激しく破天荒な女性・鼓田ミナレ。彼女がバーで失恋の愚痴をこぼしていたところ、その声と喋りの才能に目をつけた地元ラジオ局の敏腕ディレクター・麻藤によって、なんと深夜ラジオ番組のパーソナリティに大抜擢されてしまう。予測不能なトーク力と持ち前のバイタリティで、次々と巻き起こるトラブルや奇妙な事件を強引に乗り越えていくミナレの姿を描く。圧倒的な台詞量と疾走感あふれる展開で読者を魅了する、異色のラジオ業界コメディ。,,
波よ聞いてくれ（7）,,,,,REVISED,北海道の札幌市にあるスープカレー店で働く、感情の起伏が激しく破天荒な女性・鼓田ミナレ。彼女がバーで失恋の愚痴をこぼしていたところ、その声と喋りの才能に目をつけた地元ラジオ局の敏腕ディレクター・麻藤によって、なんと深夜ラジオ番組のパーソナリティに大抜擢されてしまう。予測不能なトーク力と持ち前のバイタリティで、次々と巻き起こるトラブルや奇妙な事件を強引に乗り越えていくミナレの姿を描く。圧倒的な台詞量と疾走感あふれる展開で読者を魅了する、異色のラジオ業界コメディ。,,
波よ聞いてくれ（8）,,,,,REVISED,北海道の札幌市にあるスープカレー店で働く、感情の起伏が激しく破天荒な女性・鼓田ミナレ。彼女がバーで失恋の愚痴をこぼしていたところ、その声と喋りの才能に目をつけた地元ラジオ局の敏腕ディレクター・麻藤によって、なんと深夜ラジオ番組のパーソナリティに大抜擢されてしまう。予測不能なトーク力と持ち前のバイタリティで、次々と巻き起こるトラブルや奇妙な事件を強引に乗り越えていくミナレの姿を描く。圧倒的な台詞量と疾走感あふれる展開で読者を魅了する、異色のラジオ業界コメディ。,,
波よ聞いてくれ（9）,,,,,REVISED,北海道の札幌市にあるスープカレー店で働く、感情の起伏が激しく破天荒な女性・鼓田ミナレ。彼女がバーで失恋の愚痴をこぼしていたところ、その声と喋りの才能に目をつけた地元ラジオ局の敏腕ディレクター・麻藤によって、なんと深夜ラジオ番組のパーソナリティに大抜擢されてしまう。予測不能なトーク力と持ち前のバイタリティで、次々と巻き起こるトラブルや奇妙な事件を強引に乗り越えていくミナレの姿を描く。圧倒的な台詞量と疾走感あふれる展開で読者を魅了する、異色のラジオ業界コメディ。,,
波よ聞いてくれ（11）,,,,,REVISED,北海道の札幌市にあるスープカレー店で働く、感情の起伏が激しく破天荒な女性・鼓田ミナレ。彼女がバーで失恋の愚痴をこぼしていたところ、その声と喋りの才能に目をつけた地元ラジオ局の敏腕ディレクター・麻藤によって、なんと深夜ラジオ番組のパーソナリティに大抜擢されてしまう。予測不能なトーク力と持ち前のバイタリティで、次々と巻き起こるトラブルや奇妙な事件を強引に乗り越えていくミナレの姿を描く。圧倒的な台詞量と疾走感あふれる展開で読者を魅了する、異色のラジオ業界コメディ。,,
波よ聞いてくれ（12）,,,,,REVISED,北海道の札幌市にあるスープカレー店で働く、感情の起伏が激しく破天荒な女性・鼓田ミナレ。彼女がバーで失恋の愚痴をこぼしていたところ、その声と喋りの才能に目をつけた地元ラジオ局の敏腕ディレクター・麻藤によって、なんと深夜ラジオ番組のパーソナリティに大抜擢されてしまう。予測不能なトーク力と持ち前のバイタリティで、次々と巻き起こるトラブルや奇妙な事件を強引に乗り越えていくミナレの姿を描く。圧倒的な台詞量と疾走感あふれる展開で読者を魅了する、異色のラジオ業界コメディ。,,
STEINS；GATE（1）,,,,,REVISED,秋葉原を拠点とする弱小発明サークル「未来ガジェット研究所」を主宰する大学生の岡部倫太郎。中二病をこじらせた彼は、ある日偶然にも過去へ電子メールを送ることができるタイムマシン「電話レンジ（仮）」を生み出してしまう。天才少女・牧瀬紅莉栖ら仲間たちとともに過去を改変する実験を繰り返すうちに、彼らは世界規模の陰謀や避けられない過酷な運命へと巻き込まれていく。張り巡らされた伏線と緻密な時間SFのギミック、そして仲間との絆を描くサスペンスが融合した傑作アドベンチャー。,,
リスアニ！（vol.49.2）,,,,,REVISED,数々の名作ゲームを生み出してきたブランド「Key」の魅力を、音楽という切り口からまるごと一冊にわたって徹底解剖した音楽大全。『プリマドール』の巻頭大特集をはじめ、大きな話題を呼んだ『ヘブンバーンズレッド』のクリエイター陣への緻密なインタビューを収録。Key作品が持つ感動的な物語と、それを彩りプレイヤーの心を揺さぶる名曲たちがどのようにして生み出されたのか。その制作秘話や音楽的背景に深く切り込み、ファン必携の濃厚な情報量でお届けする充実の一冊。,,
リスアニ！（vol.25）,,,,,REVISED,アニメ音楽の最前線に迫る音楽誌の第25弾。巻頭では、気鋭のアニメーションスタジオTRIGGERと実力派脚本家・岡田麿里が強力なタッグを組んだ話題作『キズナイーバー』を大特集。楽曲の制作秘話やクリエイターたちのインタビューを通じて、作品の根底に流れるテーマや音楽的な魅力を多角的な視点から深く掘り下げる。さらに『甲鉄城のカバネリ』など、同時期に注目を集めた人気アニメの音楽情報も網羅しており、アニメーションと音楽の蜜月な関係を余すところなく伝える。,,
リスアニ！（vol.22）,,,,,REVISED,社会現象を巻き起こした大ヒット劇場版アニメ『ラブライブ！The School Idol Movie』を表紙および巻頭で大特集。μ'sのメンバーたちへの貴重なロングインタビューをはじめ、劇中で披露された珠玉の楽曲群に対する全曲詳細レビューを掲載。映画がもたらした感動の熱量とともに、作品を彩る音楽がいかにしてファンを魅了し、物語を昇華させたのかを徹底的に解剖する。音楽の持つ力とアニメ作品の相乗効果に焦点を当てた、ラブライバーのみならず音楽ファン必見の特集号。,,
ライトノベルのストラテジー,,,,,REVISED,『涼宮ハルヒの憂鬱』をはじめとする「ゼロ年代」を彩ったライトノベルの代表的なヒット作の数々を題材に、それらの作品がどのような「戦略」を用いて読者を惹きつけ、物語を構築していったのかを鋭く分析した文芸評論。キャラクター造形や世界観の設定、そして物語の構造などを緻密に読み解くことで、単なるサブカルチャーにとどまらないライトノベルというジャンルの文学的意義と社会的な影響力を浮き彫りにする。現代日本のポップカルチャーを語る上で欠かせない批評的視点を提供する一冊。,,
アニメ人、オレの映画3本,,,,,REVISED,日本のアニメーション業界の第一線で活躍し続けるトップクリエイターたちが、自身の人生観や創作活動、そして仕事に対する姿勢に多大な影響を与えた「偏愛する実写映画3本」をそれぞれ厳選して熱く語り尽くすインタビュー集。彼らがなぜその映画に惹かれ、そこからどのようなインスピレーションを得て自身の作品に昇華させているのか。プロフェッショナルならではの鋭い視点と個人的な想いが交差するエピソードの数々は、アニメファンのみならず映画好きにとっても非常に興味深く読み応えがある。,,
シナリオのためのSF事典,,,,,REVISED,SF（サイエンス・フィクション）の要素を取り入れた物語やシナリオを創作する際に、クリエイターにとって強力な武器となる専門的なキーワードを事典形式でわかりやすく解説した指南書。「テラフォーミング」や「タイムトラベル」「サイボーグ」といった定番のSF用語について、単なる科学的な意味の解説にとどまらず、それらを実際のストーリー展開やキャラクターの描写、世界観の構築にどのように落とし込めば効果的かという、実践的かつ具体的な視点で紹介する。創作のアイデアを刺激する必携のツール。,,
チーム・オルタナティブの冒険,,,,,REVISED,どこにでもあるような地方都市を舞台に、「閉じた楽園」のような退屈で平和な日常を謳歌していた男子高校生の「僕」と、個性豊かな仲間たち。しかし、彼らの日常は、ある若い女性教師の突然の死をきっかけに静かに狂い始める。彼女の死の背後に潜む謎や、街に隠された不穏な秘密に直面した彼らは、真実を求めてひと夏の無謀な冒険へと足を踏み出していく。思春期特有の焦燥感や仲間との絆、そして大人への階段を登る少年たちの心の揺れ動きを瑞々しくスリリングに描き出した青春ミステリー。,,
アニメの仕事は面白すぎる　絵コンテの鬼・奥田誠治と日本アニメ界のリアル,,,,,REVISED,日本のアニメーション草創期である『鉄腕アトム』の時代から業界に身を置き、第一線で辣腕を振るい続けてきたベテランアニメーター・奥田誠治による熱き自伝。宮崎駿や高畑勲といったアニメ界のレジェンドたちとの知られざる交流や激しい衝突の逸話など、当事者だからこそ語ることができる業界の泥臭くも魅力的な舞台裏を赤裸々に綴る。過酷な労働環境の中でも「アニメを作る」という情熱に突き動かされてきた作り手たちの生々しい息遣いと、日本アニメ史の貴重な証言が詰まった一冊。,,
アニメ秘宝発進準備号オールタイム・ベスト・アニメーション,,,,,REVISED,アニメ業界の第一線で活躍するクリエイターや評論家、ライターなど総勢50名の識者たちが、世間の評価に縛られない独自の「俺ルール」に基づき、それぞれのベストアニメ10作品を熱く選出した画期的なムック本。王道の名作からマニアックな隠れた傑作まで多様な作品がリストアップされており、識者への濃厚なインタビューやコラムも多数収録。なぜその作品が選ばれたのかという背景を通じて、アニメーションという表現の持つ多様な魅力と可能性を多角的な視点から検証する、アニメファン必読の特集号。,,
オタク経済圏創世記　GAFAの次は2.5次元コミュニティが世界の主役になる件,,,,,REVISED,アニメやゲーム、漫画といった日本の誇る「オタクコンテンツ」が、いかにして国境を越え、世界市場で莫大な利益を生み出す巨大産業へと成長を遂げたのかを論理的に分析した気鋭のビジネス書。物理的な現実世界（リアル）とデジタルの仮想世界が高度に融合することで生まれる「2.5次元コミュニティ」のメカニズムを解き明かし、それが今後のグローバル経済においてどのような可能性を秘め、次世代のビジネスモデルの中心になり得るのかを熱く説く。新たな市場の未来図を描き出す必読の書。,,
アニメーターの仕事がわかる本,,,,,REVISED,作画監督・西位輝実が、アニメ業界のリアルな現状や働き方を解説する入門書。労働環境やお金といったシビアな現実を直視しつつ、プロとしての生存戦略を指南する。,,
プロジェクト・シン・エヴァンゲリオン　実績・省察・評価・総括,,,,,REVISED,『シン・エヴァンゲリオン劇場版』の制作過程をプロジェクトマネジメントの観点から振り返る公式報告書。前代未聞の巨大プロジェクトの全貌と裏側を詳細に記録し、クリエイターの苦悩と挑戦を解き明かす。,,
成瀬は天下を取りにいく,,,,,REVISED,我が道を突き進む中学生・成瀬あかり。「この夏を西武に捧げる」と宣言し、毎日ローカルテレビに映り込もうと奮闘する。滋賀県大津市を舞台に描かれる、型破りで爽快な青春群像劇。,,
成瀬は信じた道をいく,,,,,REVISED,高校3年生になった成瀬あかりが、大学受験や街の騒動の中でも相変わらず我が道を突き進む姿を、周囲の人々の視点から温かく描く。予測不能な行動が周囲を巻き込む痛快な青春群像劇。,,
王様ゲーム滅亡6．08,,,,,REVISED,ある日、日本中の高校生全員に謎の「王様」から「広島にいる者は岡山へ移動しろ」という命令が届く。スケールが全国へと拡大し、逃れられない死の連鎖が日本を滅亡へ導く絶望のサバイバル。,,
王様ゲーム（終極）,,,,,REVISED,かつての凄惨なゲームの唯一の生存者・金沢伸明は、転校先の呉広高校で平穏な生活を送ろうとしていた。だが再び「王様」からの命令メールが届き、新たな命懸けのゲームが容赦なく襲いかかる。,,
王様ゲーム（臨場）,,,,,REVISED,事件を追う児玉葉月が廃校で見つけたノート。そこには、のちに伸明と出会う本多奈津子が過去に経験した、もう一つの凄惨な「王様ゲーム」の全貌と、極限状態での人間ドラマが克明に記されていた。,,
推し、燃ゆ,,,,,REVISED,アイドル「まざま座」の上野真幸を推すことだけを生きがいとする高校生・あかり。しかしある日、推しがファンを殴って大炎上し、彼女の日常に狂いが生じていく。推し活の光と影を浮き彫りにする現代文学。,,
アニメ研究入門【応用編】,,,,,REVISED,映像心理論や声優論、『まどマギ』のマルチモーダル分析など、アニメを学術的な研究対象として多角的に分析・考察するための11の実践的なメソッドを提示。より深い作品理解へ導く本格的な研究書。,,
アニメ研究入門増補改訂版,,,,,REVISED,文学理論からジェンダー論まで、アニメを学術的に分析するための9つの視点を解説。「海外アニメ」や「批評と研究」の章を新たに追加し、多様な視点からアニメーションの本質に迫る入門ガイド。,,
遅いインターネット,,,,,REVISED,SNS等の「速すぎる」情報消費が思考力を奪う現代。吉本隆明の思想などを交え、「読む」と「書く」の往復を通じて自ら考える力を取り戻すための生存戦略を提唱する、情報社会を生き抜くための指南書。,,
ご注文はうさぎですか？（1）,,,,,REVISED,木組みの街にやってきた高校生ココア。下宿先を探して入った喫茶「ラビットハウス」で、看板娘のチノやクールなリゼと出会い、コーヒーの香りと温かな笑顔に包まれた賑やかで癒やされる日常が始まる。,,
ご注文はうさぎですか？（2）,,,,,REVISED,ラビットハウスでの仕事にも慣れてきたココア。和風喫茶「甘兎庵」の千夜やシャロも加わり、海水浴や夏祭りなど四季折々のイベントを通じて深まる少女たちの絆と、ほのぼのとした日常を描く。,,
ご注文はうさぎですか？（3）,,,,,REVISED,文化祭やプール遊びといった高校生ライフを満喫するココアたち。さらに、チノたちの妹ユニット「チマメ隊」の微笑ましい成長や、ラビットハウスの夜のBARタイムでの大人たちの交流など、世界観が広がる物語。,,
ご注文はうさぎですか？　4,,,,,REVISED,チノの父親タカヒロの昔の仲間や青山ブルーマウンテン先生との交流。すれ違いから始まるプチ家出騒動など、少しずつ変化する人間関係の機微を丁寧に描き、キャラクターたちの新たな一面が垣間見える。,,
ご注文はうさぎですか？（5）,,,,,REVISED,ココアの実家から姉のモカがラビットハウスにやってきた。「お姉ちゃん」の座を巡るココアとモカの攻防や、紅葉狩り、クリスマスなど秋から冬にかけての季節の移ろいとともに、温かい家族愛と友情を描く。,,
ご注文はうさぎですか？（6）,,,,,REVISED,高校生活も折り返し地点。リゼの大学推薦入試や、チノ・マヤ・メグの進路相談など、将来を見据えた選択の時期を迎える少女たち。夢に向かって一歩踏み出す姿と、変わらない温かな日々を繊細に綴る。,,
ご注文はうさぎですか？　7,,,,,REVISED,チマメ隊の中学卒業が近づく冬。高校受験に向けた勉強会や卒業旅行の計画、そして涙と笑顔の卒業式を迎える少女たち。少しずつ大人への階段を登る彼女たちの、感動的で心温まる成長の軌跡。,,
ご注文はうさぎですか？　8,,,,,REVISED,チノ、マヤ、メグの3人が無事に高校へ合格。新たな制服をまとったチマメ隊の高校生活スタートと、お祝いを兼ねた旅行へ出発。未知の風景と新しい出会いが、少女たちの日常にさらなる彩りを添える。,,
ご注文はうさぎですか？　9,,,,,REVISED,都会への旅先で出会った新たな友達フウラやエル。旅行を通じて見つけた新しい視点と、木組みの街へ戻ってきたココアたちの新たな春。変化と成長を受け入れながら、心地よい日常がこれからも続いていく。,,
ご注文はうさぎですか？　10,,,,,REVISED,木組みの街にやってきたフウラたちとの交流が深まる。ココアやチノたちが先輩・後輩として互いを支え合い、賑やかさが増したカフェ生活。新しい絆が生まれ、彼女たちの世界がさらに豊かに広がっていく。,,
ご注文はうさぎですか？　11,,,,,REVISED,進学した少女たちの成長や、チノが新たな夢を抱くエピソードなど、きらきらした思い出が紡がれる。移りゆく季節の中で育まれる友情と、ラビットハウスを中心とした優しく温かな日常の情景。,,
STEINS；GATEコミックアンソロジー,,,,,REVISED,『シュタインズ・ゲート』の世界を複数の作家が描く短編集。原作とは異なる、岡部倫太郎たちラボメンのコミカルな日常やIFの姿が楽しめる。シリアスな本編の裏側に潜むドタバタ劇を鮮やかに活写する。,,
STEINS；GATE コミックアンソロジー タイムトラベラーズテイル（2）,,,,,REVISED,「タイムトラベル」をテーマに『シュタインズ・ゲート』の世界を複数の作家が独自の視点で描く短編集。岡部たちラボメンの日常や、本編では語られなかった可能性の世界を魅力的に描き出すアンソロジー。,,
STEINS；GATE コミックアンソロジー タイムトラベラーズテイル（3）,,,,,REVISED,「タイムトラベル」をテーマに『シュタインズ・ゲート』の世界を複数の作家が描く短編集。岡部たちラボメンの日常や、時間を巡る複雑な想い、そしてIFの物語が交錯する、読み応え抜群のアンソロジー。,,
マジキュー4コマSTEINS；GATE世界線変動率χ．091015％（1）,,,,,REVISED,シリアスな原作とは異なる、デフォルメされた岡部たちラボメンの「あったかも知れない」日常を描く。未来ガジェット研究所で巻き起こる、予測不能でハチャメチャなギャグが満載の4コマコミック。,,
マジキュー4コマSTEINS；GATE世界線変動率χ．091015％（2）,,,,,REVISED,岡部倫太郎や未来ガジェット研究所の面々が、本編とは異なる「x」の世界線でドタバタな日常を繰り広げる。まゆりや紅莉栖たちのコミカルな掛け合いが楽しめる、ファン必見の4コマギャグコレクション。,,
STEINS;GATE コミックアンソロジー（仮）,,,,,REVISED,岡部倫太郎や椎名まゆりたち未来ガジェット研究所のメンバーが織りなす、個性豊かなオリジナルストーリーを多数収録。ラボメンたちの隠れた魅力や、日常のひとコマを様々な作家の感性で描き出す。,,
マジキュー4コマSTEINS；GATE（4）,,,,,REVISED,岡部倫太郎をはじめとするラボメンたちが、本編の緊迫感から解放された別の世界線でユーモアあふれる日常を繰り広げる。個性的なキャラクターたちの魅力が凝縮された、笑いと癒やしの4コマ漫画。,,
マジキュー4コマSTEINS；GATE（5）,,,,,REVISED,未来ガジェット研究所の面々が、本編とは異なる平和な世界線でドタバタな騒動を巻き起こす。岡部の厨二病発言や紅莉栖のツッコミなど、お馴染みの掛け合いがテンポ良く描かれる珠玉の4コマ。,,
マジキュー4コマSTEINS；GATE（6）,,,,,REVISED,ラボメンたちの平穏でハチャメチャな日常を、多彩な作家陣が4コマ形式でコミカルに描く。本編のシリアスな展開とは対照的な、キャラクターたちの無邪気な姿や意外な一面を存分に楽しめる一冊。,,
マジキュー4コマSTEINS；GATE（3）,,,,,REVISED,岡部倫太郎や未来ガジェット研究所の仲間たちが、本編とは異なる世界線で笑いあふれる日常を繰り広げる。独特のテンポで展開されるギャグと、ラボメンたちの微笑ましい交流を描いた4コマ漫画。,,
NEW　GAME！（1）,,,,,REVISED,高校卒業後、憧れのゲーム会社イーグルジャンプに入社した涼風青葉。憧れの八神コウら先輩たちに囲まれ、新作『フェアリーズストーリー3』の開発に奮闘する、笑いと涙のお仕事ガールズコメディ。,,
NEW　GAME！（2）,,,,,REVISED,キャラデザイナーとしての初仕事に挑む青葉。メインキャラコンペに向け、師匠である八神コウとのデザイン対決に奮闘する姿を描く。クリエイターとしての情熱と葛藤が交錯する、ゲーム開発の裏側。,,
NEW　GAME！（3）,,,,,REVISED,『フェアリーズストーリー3』のマスターアップに向けてラストスパート。納品直前の過酷なデバッグ作業や徹夜の日々を乗り越え、チーム全員で迎える発売日の感動と達成感をリアルかつ温かく描く。,,
NEW　GAME！（4）,,,,,REVISED,イーグルジャンプに新たな新入社員・望月紅葉と鳴海ツバメが入社。先輩となった青葉は、個性豊かな後輩たちの指導や複雑な人間関係に奮闘しながらも、クリエイターとしてさらなる成長を遂げていく。,,
NEW　GAME！（5）,,,,,REVISED,新作ゲーム『PECO』のメインキャラクターコンペが開催決定。青葉は憧れの先輩・八神コウと同じ土俵で競い合うため、全力を尽くしてデザインに挑む。互いを高め合う熱いクリエイター魂を描く。,,
NEW　GAME！（6),,,,,REVISED,『PECO』の開発もいよいよ佳境。プログラマーのツバメやねねたちの成長を描きつつ、チーム一丸となってゲームのブラッシュアップに励む。仕事への誇りと仲間への思いやりが溢れる開発現場の日常。,,
NEW　GAME！（7）,,,,,REVISED,新作アクションゲーム『PECO』の開発もいよいよ大詰め。プログラマーとして奮闘するツバメや、デバッグチームで経験を積むねねなど、新人たちの目覚ましい成長が丁寧に描写されます。リリースに向けてチームが一丸となり、より面白いゲームにしようと細部のブラッシュアップに熱中するクリエイターたちの熱量と、少しずつ変化していく人間模様を生き生きと描くお仕事コメディの傑作エピソードです。,,
NEW　GAME！（8）,,,,,REVISED,苦労の末に完成した『PECO』が無事に発売を迎え、イーグルジャンプのメンバーはさらなる高みを目指して新たな一歩を踏み出します。後輩ができ、先輩として指導する立場になった青葉の奮闘や、それぞれが自身のスキルアップやキャリアに向き合う姿を温かく描写。日常のコミカルなやり取りの中に、ものづくりにかける情熱とプロフェッショナルとしての成長がしっかりと刻み込まれる心温まるお仕事奮闘記です。,,
NEW　GAME！（9）,,,,,REVISED,入社3年目を迎えた涼風青葉の前に、ついに大きなチャンスが巡ってきます。会社の看板タイトルとなる新プロジェクト『フェアリーズストーリー4』の企画が本格始動し、青葉はゲームの顔となるキャラクターデザインを決める社内コンペという大舞台に挑戦することに。憧れの先輩でありライバルでもある八神コウの背中を追いかけながら、自分だけのデザインを生み出すために苦悩し、クリエイターとしての殻を破ろうとする姿が胸を打ちます。,,
NEW　GAME！（10）,,,,,REVISED,社運を懸けた大作『フェアリーズストーリー4』のキャラクターデザインコンペが激化。青葉と同期の紅葉が互いの才能を認め合いながら、一歩も譲らない真剣勝負を繰り広げます。ライバルとして切磋琢磨する少女たちの姿は熱く、クリエイターとしてのプライドと友情が交差する展開は必見。デザインを生み出す生みの苦しみや、仲間の支えによって乗り越えていく過程が、お仕事コメディならではの温かなタッチと深い感動で描き出されます。,,
NEW　GAME！（11),,,,,REVISED,『FS4』の開発が本格化し、青葉と紅葉による共同でのデザイン作業がスタートします。全く異なる個性を持つ二人が衝突しながらも、互いのアイデアを融合させて素晴らしいキャラクターを創り上げていく過程はクリエイターの喜びに溢れています。さらに、フランスのゲーム会社で武者修行中の八神コウの様子も描かれ、彼女からの刺激を受けた青葉たちが、表現の限界を超えて自分たちの最高傑作を目指す熱い展開が繰り広げられます。,,
NEW　GAME！（12）,,,,,REVISED,『FS4』の開発が終盤戦に突入する中、フランスへと渡っていた八神コウが一時帰国を果たします。大きく成長し、逞しさを増した青葉やイーグルジャンプの仲間たちの姿を目の当たりにしたコウは、自身の歩んできた道のりを振り返りつつ、再び彼女たちと心を一つにしてゲーム制作に向き合います。互いに高め合う先輩と後輩の深い絆と、最高のゲームを世に送り出すために一切の妥協を許さないクリエイターたちの執念が美しく交錯します。,,
NEW　GAME！（13）,,,,,REVISED,青葉たちイーグルジャンプのメンバーが魂を注ぎ込んで作り上げてきた『フェアリーズストーリー4』の開発がついにクライマックスを迎えます。幾多の困難や意見の衝突、生みの苦しみを乗り越えてきた仲間たちが、ゲーム制作に捧げた情熱のすべてを画面にぶつける姿は圧巻の一言。新入社員だった青葉が立派なクリエイターへと成長を遂げるまでの軌跡と、チームの固い絆がもたらす最高のカタルシスに満ちた、涙と感動のお仕事コメディ。,,
STEINS;GATE : 円環連鎖のウロボロス. 1,,,,,REVISED,偶然の発明から過去へ干渉する力を手に入れた岡部倫太郎を待ち受ける、幾重にも張り巡らされた運命の糸。幼馴染の椎名まゆりを救うために幾度となくタイムリープを繰り返す中で、もうひとりの大切な存在である天才少女・牧瀬紅莉栖との間に生じる残酷な二者択一。絶望的な因果の連鎖の中で苦悩し、精神をすり減らしていく岡部が、ウロボロスの名を冠したもうひとつの可能性に辿り着くまでの壮絶な戦いを描く傑作ノベライズ。,,
STEINS;GATE : 円環連鎖のウロボロス. 2,,,,,REVISED,まゆりと紅莉栖、どちらかの命を犠牲にしなければならないという残酷な運命の収束。極限の選択を迫られた岡部倫太郎が、終わりのないタイムリープの地獄の中で見出した「第三の道」への希望。無数に分岐する世界線の果てで、過去の自分を騙し、世界の法則すらも欺くための壮大な計画が幕を開けます。仲間たちとの深い絆と、狂気のマッドサイエンティストとしての誇りを胸に、すべてを救うための戦いに挑む完結編。,,
STEINS;GATE 5 (六分儀のイディオム 後編),,,,,REVISED,本編では深く語られなかった未来ガジェット研究所のラボメンたちの内面や、彼らが抱える知られざるドラマに焦点を当てた外伝ストーリー。岡部倫太郎たちの日常が世界の陰謀へと巻き込まれていく激動の裏側で、仲間たちが何を想い、どのように行動していたのかが鮮明に描き出されます。キャラクターたちの魅力的なバックボーンが掘り下げられることで、本編の物語への理解と感動がさらに深まる、ファン必読の珠玉のエピソード集です。,,
STEINS;GATE : 蝶翼のダイバージェンス:Reverse,,,,,REVISED,秋葉原でタイムマシンの研究に没頭する岡部倫太郎と出会った天才少女・牧瀬紅莉栖。彼女の視点から紐解かれる本作では、科学者としての探究心と、岡部の奇抜な言動に振り回されながらも惹かれていく紅莉栖の繊細な心情が丁寧に描かれます。天才ゆえの孤独や父との確執を抱える彼女が、未来ガジェット研究所の面々と絆を深め、やがて直面する過酷な世界線変動の運命に対してどのように向き合っていくのかを描いた感動作。,,
STEINS;GATE. 2 (形而上のネクローシス:Reverse),,,,,REVISED,過去へメッセージを送れる「Dメール」の実験を続ける岡部倫太郎と牧瀬紅莉栖たち。しかし、ほんの出来心から始まった過去への干渉が、やがて取り返しのつかない蝶羽の羽ばたきとなり、椎名まゆりの命を奪うという絶望の未来を引き寄せてしまいます。紅莉栖の視点を通して、科学の禁忌に触れたことへの後悔と、大切な仲間を救うために終わらない時間の迷宮へと足を踏み入れていく岡部の悲壮な覚悟が、より深く感情を揺さぶります。,,
STEINS; GATE 3 (境界面上のシュタインズ・ゲート: Rebirth),,,,,REVISED,タイムリープを何度繰り返しても、まゆりの死という残酷な結果を回避できない絶望的な運命の壁。心身ともに追い詰められていく岡部倫太郎を傍で支え、共に解決策を模索する牧瀬紅莉栖の献身的な愛と絆が描かれます。互いへの想いを自覚しながらも、世界線を元に戻すためには紅莉栖自身の死を受け入れなければならないという過酷な真実。絶望的な因果の分岐に立ち向かう二人の決断が胸を打つ、シリーズ屈指の感動編です。,,
STEINS;GATE 4 (六分儀のイディオム 前編),,,,,REVISED,未来ガジェット研究所に集う個性豊かな仲間たち、それぞれの視点から語られるアンソロジー形式のサイドストーリー。自称狂気のマッドサイエンティストである岡部倫太郎を中心に、まゆり、ダル、紅莉栖といった面々が織りなす騒がしくも愛おしい日常の風景。本編の裏側で繰り広げられていた知られざるドラマや、キャラクターたちの内に秘めた想いが丁寧に描写されており、シュタインズ・ゲートの世界観をより立体的に楽しめる一冊です。,,
STEINS;GATE 5 (六分儀のイディオム 後編),,,,,REVISED,本編では深く語られなかった未来ガジェット研究所のラボメンたちの内面や、彼らが抱える知られざるドラマに焦点を当てた外伝ストーリー。岡部倫太郎たちの日常が世界の陰謀へと巻き込まれていく激動の裏側で、仲間たちが何を想い、どのように行動していたのかが鮮明に描き出されます。キャラクターたちの魅力的なバックボーンが掘り下げられることで、本編の物語への理解と感動がさらに深まる、ファン必読の珠玉のエピソード集です。,,
STEINS;GATE : 線形拘束のモザイシズム,,,,,REVISED,電話レンジ（仮）の存在を危険視し、その秘密を秘匿しようと苦心する岡部倫太郎の元に届いた、未来の自分「鳳凰院凶真」からの謎めいた指令メール。それに従い行動する岡部でしたが、その選択がやがてまゆりの命を脅かす予測不能な事態へと発展していきます。複数のキャラクターの視点が交錯しながら、異なる世界線で紡がれる独立した物語がひとつの大きな結末へと収束していく、サスペンスと感動に満ちた群像劇。,,
Steins;Gate永劫回帰のパンドラ. 1,,,,,REVISED,牧瀬紅莉栖を救うことを諦め、彼女が存在しないβ世界線で生きる道を選んだ岡部倫太郎。深い失意とトラウマに沈む彼の裏で、橋田至は未来から来た娘・阿万音鈴羽のために暗躍を始めます。紅莉栖が遺したタイムマシンの理論を記した中鉢論文を巡り、国家間の陰謀や新たな組織の影が忍び寄る展開。紅莉栖を失った世界で、残された者たちがどのように運命に抗い、絶望の未来を変えようとするのかを描く正統続編の幕開け。,,
Steins;Gate閉時曲線のエピグラフ,,,,,REVISED,最愛の人・牧瀬紅莉栖の命を犠牲にして、椎名まゆりを救うβ世界線へ到達した岡部倫太郎。白衣を脱ぎ、ごく普通の大学生として生きようとする彼でしたが、ある日、紅莉栖の記憶と人格を移植された人工知能「アマデウス」の研究員・比屋定真帆と運命的な出会いを果たします。画面越しの「彼女」との再会が、岡部の心に癒えない傷と新たな波紋を呼び起こし、再び避けられない運命の歯車が回り始める切なくも緊迫感溢れる物語。,,
Steins;Gate閉時曲線のエピグラフ 2,,,,,REVISED,牧瀬紅莉栖の記憶を持つAI「アマデウス」との対話にのめり込み、彼女の面影に激しく心を乱される岡部倫太郎。死んだはずの紅莉栖が画面の向こうで微笑むという残酷な現実は、彼の精神を徐々に蝕んでいきます。一方、第三次世界大戦という悲惨な未来を変えるためにタイムマシンでやって来た阿万音鈴羽は、行動を起こそうとしない岡部に焦りを募らせます。失われた過去への執着と未来への責任が交錯する、緊迫の第2巻。,,
STEINS;GATE : 哀心迷図のバベル,,,,,REVISED,椎名まゆりを救うため、自分が命を落とす元の世界線へ戻る運命を静かに受け入れた牧瀬紅莉栖。岡部倫太郎がタイムリープマシンのエンターキーを押すまでのわずかな時間の中で、彼女は自身の原点である父・中鉢博士との複雑な過去、そして岡部に対する素直な想いと深く向き合います。天才少女が抱えていた孤独と愛への渇望、そして愛する人のために自らを犠牲にする気高き決断を、彼女自身の視点から美しくも悲しく描き出した傑作。,,
Steins;gate : 史上最強のスライトフィーバー. 1,,,,,REVISED,ツンデレ天才少女・牧瀬紅莉栖の視点から紐解かれる『シュタインズ・ゲート』のもうひとつの物語。アメリカの大学を飛び級で卒業した彼女が、秋葉原で出会った胡散臭い男・岡部倫太郎とその仲間たちに振り回される騒がしい日々が描かれます。科学者としての純粋な探究心からタイムマシンの謎に挑む姿や、未来ガジェット研究所という居場所を見つけていく過程が、コミカルかつ感情豊かに描写されるファン必見のコミカライズ。,,
Steins;gate : 史上最強のスライトフィーバー. 2,,,,,REVISED,電話レンジ（仮）を使ったDメールによる過去改変の実験を繰り返す岡部倫太郎たち。天才としてのプライドと父・中鉢博士との長年の確執に深く悩む牧瀬紅莉栖は、タイムマシンの理論を完成させた今、自らの悲しい過去へDメールを送るべきか激しい葛藤に苛まれます。彼女の心の脆さと、それを不器用ながらも支えようとする岡部との絆が深まっていく過程が、本編とは異なる繊細なタッチで描かれる注目のエピソード。,,
Steins ; gate : 亡環のリベリオン 1,,,,,REVISED,タイムマシンを巡る国家間の争いによって、世界が絶望的なディストピアと化した2036年の未来。独裁体制に抗うレジスタンス組織「ワルキューレ」の戦士として生きる少女・阿万音鈴羽は、世界を正しい軌道へと修正するため、未完成のタイムマシンで過去へと跳ぶ決意を固めます。過酷な戦場を生き抜いてきた彼女の孤独な戦いと、未来を変えるという重い使命を背負った鈴羽の視点から描かれる、もうひとつの『シュタインズ・ゲート』。,,
Steins ; gate : 亡環のリベリオン 2,,,,,REVISED,絶望の未来を変えるため、タイムマシンで過去へ跳んだ阿万音鈴羽は、1975年の世界で幻のレトロPC「IBN5100」を手に入れるという重大な使命を帯びます。その過程で立ち寄った2010年の秋葉原で、岡部倫太郎や未来の父親である橋田至たちと交流を深める鈴羽。彼らとの温かく平和な日常に心癒されながらも、いずれ訪れる悲劇的な未来を知る彼女は、自身の過酷な任務と彼らへの愛情との間で深く思い悩みます。,,
Steins;gate : 亡環のリベリオン 3,,,,,REVISED,IBN5100の探索を続ける阿万音鈴羽は、タイムマシンの故障という不測の事態に見舞われ、限られた時間の中で未来の絶望を回避しなければならないという重圧に焦りを募らせます。岡部倫太郎や仲間たちとの絆を胸に刻み、彼女は世界線を変えるための最後の賭けに出る決意をします。孤独なタイムトラベラーが仲間のために自らの運命を捧げる姿と、時を超えて受け継がれる希望のバトンを描く、涙なしには読めない完結編。,,
シュタインズ・ゲート 1,,,,,REVISED,狂気のマッドサイエンティスト「鳳凰院凶真」を自称する中二病の大学生・岡部倫太郎。彼が偶然にも過去へメールを送れる「電話レンジ（仮）」を発明したことから、秋葉原を舞台にした壮大なタイムトラベルサスペンスが幕を開けます。ツンデレ天才少女・牧瀬紅莉栖や幼馴染の椎名まゆりたちと共に、世界の法則に挑む面白半分な実験が、やがて彼らを恐るべき陰謀と残酷な運命の渦へと巻き込んでいく始まりの物語。,,
シュタインズ・ゲート. 2,,,,,REVISED,電話レンジ（仮）から送信できるDメールを使って、次々と過去を改変していく岡部倫太郎たち。しかし、その軽率な過去改変の代償として歴史は大きく歪み、世界線が変動した結果、最も大切だった幼馴染・椎名まゆりの命が容赦なく奪われるという回避不能の惨劇が幕を開けます。大切な人を救うため、狂気と絶望が支配する終わらないタイムリープの地獄へと足を踏み入れていく岡部の悲痛な戦いが描かれる、物語が大きく動く第2巻。,,
シュタインズ・ゲート. 3,,,,,REVISED,まゆりを救うために無数のタイムリープを重ね、世界の構造と運命の真実に迫っていく岡部倫太郎。仲間たちの願いを取り消し、過去改変をなかったことにするという苦渋の決断を迫られる中で、彼と牧瀬紅莉栖との間に芽生える深い絆と愛情が描かれます。そして訪れる、まゆりを救えば紅莉栖が死ぬという究極の選択。絶望の因果を断ち切り、「シュタインズ・ゲート」と呼ばれる未知の世界線を目指すための最後の戦いが始まる。,,
スケベ大学 : 公式解説&問題集,,,,,REVISED,エロゲ、BL、百合、官能小説など全24学科にわたり、「スケベを学問する」という真面目かつユニークなコンセプトで現代のスケベ文化を熱烈に分析・解説した前代未聞の一冊。リップグリップ岩永による知的好奇心を刺激するディープな解説に加え、自身のスケベ偏差値を測ることができる公式問題集も収録。あらゆる角度から人間の欲望と創作物の歴史を紐解き、読者を奥深いスケベの学問世界へと誘うユーモアに溢れたガイドブック。,,
イリヤの空、UFOの夏 その4,,,,,REVISED,特殊な宿命を背負った謎の少女・伊里野加奈を連れて、あてのない逃避行へと出た浅羽直之。しかし、過酷な戦闘と非日常の重圧に晒され続けた彼女の精神は、すでに静かな崩壊へと向かっていました。世界の運命を懸けた人類の存亡か、ただ一人の愛する少女か。大人たちの思惑が交錯する中、絶望的な状況に追い詰められた浅羽が最後に下す過酷な決断を描く。儚くも美しいひと夏の青春SFストーリー、涙の完結編。,,
イリヤの空、UFOの夏 その3,,,,,REVISED,園原基地周辺で突如発生した大規模な爆発事件により、彼らの平穏な日常は決定的な終わりを告げます。事件の背後に隠された恐るべき真相を執念深く追う水前寺、そして日を追うごとに衰弱していく伊里野を救うため、浅羽直之の少年としての覚悟が試されます。空を覆うUFOの謎とブラックマンタの秘密が徐々に明らかになり、後戻りのできない非日常の歯車が容赦なく回り出す、物語が急展開を迎える緊迫の第3弾。,,
イリヤの空、UFOの夏 その2,,,,,REVISED,浅羽直之と謎めいた転校生・伊里野加奈は、周囲の目を盗んで初めての初々しいデートへと出かけます。しかし、彼らの背後には二人を監視する不穏な影が忍び寄り、直之を想う晶穂ら周囲の複雑な感情も交錯していきます。無邪気な学園生活という平穏な日常のすぐ裏側に潜む、軍事基地やUFOといった重苦しい非日常の気配が徐々に彼らの関係性を脅かし始め、少年少女の儚い青春に暗い影を落としていく物語の転換点。,,
改憲的護憲論,,,,,REVISED,憲法九条をめぐり、頑なに現状維持を訴える護憲派と、安全保障環境の変化を理由とする改憲派の対立構造に強い危機感を抱いたジャーナリスト・松竹伸幸の意欲作。自衛隊の存在や日米安保条約の現実を直視しつつ、平和主義の理念を守り抜くために、あえて憲法を改正することで立憲主義を回復させるという「改憲的護憲論」を提唱。従来の凝り固まったイデオロギー対立の矛盾を鋭く突き、日本社会に新たな議論の地平を提示する一冊。,,
イリヤの空、UFOの夏 その1,,,,,REVISED,夏休み最後の夜、学校のプールに忍び込んだ平凡な中学生・浅羽直之は、手首に謎の金属球を埋め込まれた不思議な少女・伊里野加奈と運命的な出会いを果たします。新学期に転校生として現れた彼女との不器用な交流を通じて、彼らの住む園原町に隠された軍事基地の存在やUFO騒動、そして黒い戦闘機ブラックマンタの不気味な影が、少年たちの穏やかな日常を少しずつ、しかし確実に侵食していくボーイ・ミーツ・ガールの名作。,,
