Title,Author,Publisher,Year,Type,Status,Gemini_Summary,ISBN13,DateAdded
三体,,,,,REVISED,相次ぐエリート科学者の不審死と、主人公・汪淼の網膜に突如として現れた謎のカウントダウン。不可解な現象の真相を追う彼は、異星の過酷な環境をシミュレートしたVRゲーム「三体」へとたどり着く。文化大革命の狂気から現代へと繋がる壮大なスケールで描かれ、人類の運命を揺るがす世界的ベストセラーSFの第一作。,,
西洋の敗北 日本と世界に何が起きるのか,,,,,REVISED,ウクライナでの戦争を引き金として、アメリカを盟主とする西洋社会はなぜ没落への道を歩み始めたのか。プロテスタンティズムの衰退による宗教的・道徳的基盤の喪失を背景に、歴史人口学者のエマニュエル・トッドが現代世界のパワーバランスの激変を分析。西洋の自滅的な崩壊と、日本を含む今後の国際秩序の行方を鋭く読み解く。,,
「好き」を言語化する技術 推しの素晴らしさを語りたいのに「やばい!」しかでてこない,,,,,REVISED,推しの魅力を全力で伝えたいのに、いざ言葉にしようとすると「やばい」「最高」しか出てこない。そんなもどかしさを抱える人に向けて、気鋭の書評家・三宅香帆が、自分の本当の感情と向き合い、解像度高く言語化するための思考法と文章術を指南。あなただけの「好き」を的確な言葉で語り尽くすための、愛に溢れた実践的ガイド。,,
平和と愚かさ,,,,,REVISED,「平和とは、単に戦争について考えないという愚かさの別名にすぎないのではないか」。ロシアによるウクライナ侵攻が影を落とす中、ベトナムや沖縄など歴史の記憶が刻まれた地を巡る。SNSによる過剰な政治化や言葉の空転に警鐘を鳴らし、危機の時代において知性が果たすべき役割を問い直す、批評家・東浩紀による思索の軌跡。,,
Occultic;Nine (3) -オカルティック・ナイン- (オーバーラップ文庫),,,,,REVISED,井の頭公園の池で256人の遺体が発見された前代未聞の集団水死事件。世間が騒然とするなか、オカルトブログを運営する我聞悠太は、ニュースで報じられた犠牲者リストの中に自らと仲間たちの名前を見つけてしまう。生と死の境界が曖昧に崩れゆく中、不可解な現象の背後に潜む巨大な陰謀と、世界の構造そのものの謎に肉薄していく。,,
Occultic;Nine (2) -オカルティック・ナイン- (オーバーラップ文庫),,,,,REVISED,凄惨な殺害現場となった橋上教授の研究室に偶然居合わせてしまった我聞悠太。自身の容疑を晴らし事態を収拾するため、教授の息子であるサライと共に不可解な死の真相を追い始める。しかしその裏では、井の頭公園を舞台にした256人もの集団水死事件という、彼らの想像を絶するおぞましい惨劇が静かに幕を開けようとしていた。,,
Occultic;Nine (1) -オカルティック・ナイン- (オーバーラップ文庫),,,,,REVISED,吉祥寺に住む高校生の我聞悠太は、オカルト系アフィリエイトブログ「キリキリバサラ」を運営し、一攫千金を夢見ていた。しかし、彼のブログをきっかけに集まった見ず知らずの変わり者たちが、ある猟奇的な殺人事件を境に交錯し始める。日常に潜む小さな違和感がやがて想像を絶する事態へと繋がる、予測不能のオカルトサスペンス。,,
アカギ 1 (バンブーコミックス),,,,,REVISED,昭和33年の荒れた夜、莫大な借金を抱え、ヤクザとの麻雀勝負で絶体絶命の窮地に立たされていた南郷。そこへ雨に濡れた一人の少年が迷い込む。白髪で感情を見せない13歳のその少年、赤木しげるこそが、のちに裏社会の頂点に君臨し「神域の男」と畏れられる天才雀士だった。常軌を逸した才能が覚醒する、伝説の始まりの夜を描く。,,
アカギ (2) (近代麻雀コミックス バンブーコミックス),,,,,REVISED,大人たちの思惑が交錯する裏社会の代打ちとして、その底知れぬ狂気と才能を覗かせる少年アカギ。そんな彼の前に、絶対的な聴力と圧倒的な経験値を持つ盲目の老雀士・市川が立ちはだかる。イカサマすらも冷徹に見破る市川に対し、アカギは常識を覆す破天荒な闘牌で応戦。互いの命とプライドを削り合う、極限の頭脳戦が加速していく。,,
アカギ (3) (近代麻雀コミックス バンブーコミックス),,,,,REVISED,盲目の代打ち・市川との死闘は苛烈さを極め、牌の偏りを操作する老獪な駆け引きがアカギを追いつめる。しかしアカギは、わずかな隙を突く狂気の心理戦と、生命の危機すらも楽しむかのような直感で盤面を支配し返す。ロシアンルーレットをも辞さない異端の覚悟が場を支配するなか、死線を超えた者だけが到達できる狂気の勝負が続く。,,
アカギ 4 (バンブーコミックス),,,,,REVISED,盲目の雀士・市川との死闘から5年後。不良刑事の安岡とヤクザの川田組長は、巨大な利権を賭けた勝負のために再びアカギを代打ちとして引きずり出そうと画策する。彼らを待ち受けていたのは、関西屈指の凄腕代打ち・浦部。しかし、安岡が連れてきた青年は、かつての狂気を孕んだ天才少年とはどこか違う雰囲気を漂わせていた。,,
アカギ 5 (バンブーコミックス),,,,,REVISED,安岡が川田組の代打ちとして用意したのは、驚異的な記憶力と計算力を持つ秀才「ニセアカギ」こと平山幸雄だった。しかし、本性を隠し持つ関西の代打ち・浦部の底知れぬ策略の前に、平山のロジックは無惨にも粉砕されていく。莫大な借金を背負わされ窮地に陥ったその時、ついに本物の赤木しげるが姿を現し、理不尽な闘牌を見せつける。,,
アカギ 6 (バンブーコミックス),,,,,REVISED,浦部との勝負の最中、代打ちの席に素人の治を座らせるという暴挙に出たアカギ。点棒をむしり取られ窮地に陥った絶望的な状況下で、ついに本物の「神域」が席に戻る。常人には理解不能なブラフと、相手の心理の奥底を冷酷に抉る異端の打牌によって場の空気は一変。絶対優位を確信していた浦部を、見えざる恐怖のどん底へと引きずり込む。,,
アカギ 7 (バンブーコミックス),,,,,REVISED,日本の黒幕として君臨する狂気の老王・鷲巣巌。若者たちの命を弄ぶ悪魔のような男の前に、ついに伝説の雀士・赤木しげるが降り立つ。アカギは自らの致死量の血液を、鷲巣は莫大な全財産を賭けるという異常なルールの下、透明な牌を用いた「鷲巣麻雀」の火蓋が切られる。日本麻雀史に残る最も長く壮絶な、血塗られた死闘がここに開幕する。,,
「振り仮名」があれば学力は上がるのか (ポプラ新書 286),,,,,REVISED,「漢字が読めないから、学ぶこと自体を諦めてしまう」。見過ごされがちな教育現場での知の格差を解消するためには何が必要なのか。誰にでも読める「ルビ（振り仮名）」こそが、すべての人の学びを保障する社会的なインフラになり得ると主張する。当事者の視点から漢字偏重の社会構造を問い直し、総ルビ仕様で出版された画期的な提言書。,,
本を読めなくなった人たち コスパとテキストメディアをめぐる現在形 (中公新書ラクレ),,,,,REVISED,かつては本を愛読していたのに、今では長い文章を読むのが苦痛になってしまった。そんな「読書離れ」は個人の怠慢ではなく、タイムパフォーマンスを至上とする社会の変化やSNSによる情報消費の変容が引き起こした構造的な問題だった。テキストメディアを取り巻く現代の過酷な環境と、読書という行為の変質を鋭い視点で解き明かす。,,
物語化批判の哲学 〈わたしの人生〉を遊びなおすために (講談社現代新書),,,,,REVISED,就職活動の「ガクチカ」やSNSでの自己アピールなど、現代社会には自分の人生を一貫した「物語」として語るよう強いる圧力が蔓延している。そんな窮屈な枠組みに息苦しさを感じる人々へ向け、気鋭の分析美学者が「物語化」の限界と暴力を哲学的に解きほぐす。人生を一つの筋書きから解放し、もっと自由に「遊びなおす」ための実践的思考法。,,
増補改訂版 スマホ時代の哲学 「常時接続の世界」で失われた孤独をめぐる冒険,,,,,REVISED,スマートフォンによる「常時接続」が当たり前となった現代、私たちは絶え間ない情報にさらされ、自分自身と向き合う静かな時間を完全に奪われてしまった。不確実なものに耐える力「ネガティブ・ケイパビリティ」を手がかりに、情報過多の社会を生き延びる術を模索。ノイズを遮断し、失われた孤独と深い集中の時間を取り戻すための現代の哲学書。,,
PLURALITY,,,,,REVISED,分断と対立が深刻化する現代において、民主主義はいかにしてテクノロジーと共存できるのか。台湾の元デジタル発展部長オードリー・タンらが提唱する概念「プルラリティ（多元性）」を基軸に、多様な人々の声をつなぎ合わせ、協調的な社会を構築するための青図を描き出す。デジタル技術を用いて未来のガバナンスをアップデートする希望の書。,,
現代思想入門 (講談社現代新書),,,,,REVISED,難解な現代思想をかつてないほど平易に解説。デリダ、ドゥルーズ、フーコーを軸に、「秩序と逸脱」というテーマから複雑な世界を読み解くための高い解像度を授ける入門書。,,
日本経済の死角 収奪的システムを解き明かす (ちくま新書 1840),,,,,REVISED,生産性は向上しているのになぜ実質賃金は上がらないのか。河野龍太郎が７つの「死角」から、家計が過酷に搾取される日本の経済システムを詳細に分析し、長期停滞の真因に迫る。,,
男はなぜ孤独死するのか 男たちの成功の代償,,,,,REVISED,なぜ男性は孤独に陥りやすいのか。心理学者トーマス・ジョイナーが、仕事やプライドを優先して人間関係を犠牲にする「男らしさ」の危うさを、様々な統計と心理学から解き明かす。,,
週刊文春エンタ+ (文春ムック),,,,,REVISED,映画『シン・仮面ライダー』を大特集。池松壮亮らのキャスト鼎談や庵野秀明監督インタビューを収録。石ノ森章太郎の原作漫画「一文字隼人、登場！」も付録したファン必読の一冊。,,
週刊文春エンタ+ 総力特集 怪獣8号 (文春ムック),,,,,REVISED,アニメ『怪獣8号』を大特集。原作者・松本直也やメインキャストらのインタビューのほか、第1話の絵コンテや怪獣イメージボードなどの貴重な設定資料を豊富に収録したファン必見の書。,,
週刊文春エンタ+ 特集 機動戦士ガンダム (文春MOOK),,,,,REVISED,『機動戦士ガンダム』の最新作などを網羅。安彦良和と樋口真嗣の豪華対談や、名セリフベスト10、ザク名場面集、宇宙世紀事件史年表など、ファン必見の魅力的な企画が満載。,,
週刊文春エンタ! エンタメが私を救う。 (文春MOOK),,,,,REVISED,広瀬アリスの漫画特集や、宮野真守・三石琴乃のインタビュー、『愛の不時着』など2020年当時の韓流・アニメトレンドを網羅した、時代を切り取る最強の総合エンタメ誌。,,
週刊文春エンタ! アニメの力。 (文春MOOK),,,,,REVISED,『エヴァンゲリオン』シリーズを総力特集。『シン・エヴァ』に向けた徹底解説や、緒方恵美、林原めぐみ、高橋洋子らの貴重なインタビューを収録したファン必読のムック。,,
文春ムック 週刊文春エンタ+(プラス) 特集『機動警察パトレイバー』 (文春ムック),,,,,REVISED,新作『機動警察パトレイバー EZY』を中心に大特集。押井守と出渕裕の対談や、週刊誌風の切り口で劇中の事件を紹介する記事を掲載。特別付録として特製ポスター＆シール付き。,,
コードギアス 反逆のルルーシュ ゼロ×ぴあ (ぴあMOOK),,,,,REVISED,『コードギアス 復活のルルーシュ』公開記念。仮面の男「ゼロ」を多角的に掘り下げ、人物相関図や名言集のほか、スザク役・櫻井孝宏のスペシャルコメントも収録したファン必携ムック。,,
STEINS;GATE 0 (6) (角川コミックス・エース),,,,,REVISED,幾千もの失敗と犠牲の上に辿り着いた最終局面。シュタインズ・ゲートに至る道を開くための「オペレーション・スクルド」が発動され、岡部倫太郎の孤独で壮絶な戦いが遂に完結する。,,
STEINS;GATE 0 (5) (角川コミックス・エース),,,,,REVISED,ついに「鳳凰院凶真」が復活を遂げる。幾多の絶望を乗り越え、タイムマシンを巡る各国の暗躍を阻止するため、岡部は仲間たちと共にβ世界線の過酷な収束に立ち向かう決意を固める。,,
STEINS;GATE 0 (4) (角川コミックス・エース),,,,,REVISED,洗脳されたかがりの脅威と、未来を変えようとする勢力の陰謀が交錯する。度重なる襲撃に追い詰められる中、岡部は失われた時間を取り戻すため、苦渋の決断を迫られる怒涛の展開。,,
STEINS;GATE ELITE 公式資料集 Deceive the World,,,,,REVISED,全編アニメーションで再構築された『STEINS;GATE ELITE』の公式資料集。キャラクター解説やアニメ制作用の表情集、世界線資料など、ラボメン必携の詳細な設定が満載。,,
STEINS;GATE 0 (3) (角川コミックス・エース),,,,,REVISED,記憶喪失の少女・かがりと共に暮らし始めるラボメンたち。しかし、彼女の記憶の奥底に隠された真実と、謎の襲撃者たちの暗躍により、岡部は再び世界線の分岐という残酷な現実に直面する。,,
STEINS;GATE 0 (2) (角川コミックス・エース),,,,,REVISED,アマデウスとの交流を通じて紅莉栖への未練に苛まれる岡部。そんな中、未来から来た少女・鈴羽と共に消えたはずの椎名かがりの行方探しが始まり、新たな不穏な影がラボに忍び寄る。,,
STEINS;GATE 0 (1) (角川コミックス・エース),,,,,REVISED,牧瀬紅莉栖の救出を諦め、日常に戻った岡部倫太郎。しかし、ヴィクトル・コンドリア大学のセミナーで彼女の記憶を持つAI「アマデウス」と出会ったことから、止まっていた歯車が再び動き出す。,,
STEINS;GATE 0 コミックアンソロジー (IDコミックス・DNAメディアコミックス),,,,,REVISED,『STEINS;GATE 0』のコミックアンソロジー。紅莉栖を救えなかったβ世界線を舞台に、豪華執筆陣がそれぞれの視点から描く、ラボメンたちの切なくも温かい日常と珠玉の短編集。,,
STEINS;GATE 0 電撃コミックアンソロジー (電撃コミックスEX),,,,,REVISED,『STEINS;GATE 0』の電撃コミックアンソロジー。お馴染みのラボメンに加え、AI「アマデウス」など新キャラクターたちも交え、β世界線ならではのもうひとつの日常を賑やかに描く。,,
STEINS;GATE 0 公式資料集 Amadeus’ Script,,,,,REVISED,『STEINS;GATE 0』に特化した公式資料集。新キャラクターの設定やイベントCGを網羅し、複雑に絡み合う伏線やβ世界線の構造まで徹底解説。物語の深淵に迫る。,,
STEINS;GATE 永劫回帰のパンドラ(1) (ファミ通クリアコミックス),,,,,REVISED,牧瀬紅莉栖を救えなかったβ世界線。失意の底で大学生活を送る岡部倫太郎は、セミナーで紅莉栖の先輩・比屋定真帆と出会い、AI「アマデウス」のテスト運用に関わることになる。,,
STEINS;GATE 無限遠点のアークライト (ヤングジャンプコミックス),,,,,REVISED,本編では語られなかった、β世界線における椎名まゆりの心情に焦点を当てた物語。絶望する岡部倫太郎を救うため、彼女が阿万音鈴羽と共に過去へ跳ぶ決意を固めるまでの切ない軌跡。,,
TVAnime STEINS;GATE OFFICIAL GUIDEBOOK 記憶補完のモノグラフ,,,,,REVISED,TVアニメ第1期『シュタインズ・ゲート』の軌跡を辿る公式ガイドブック。全24話のストーリー詳細解説に加え、声優陣のインタビューや緻密なアニメーション設定資料を収録。,,
STEINS;GATE 相思相愛のトゥルーメモリーズ,,,,,REVISED,アニメ版『シュタインズ・ゲート』に登場するヒロインたちの魅力に迫るファンブック。描き下ろしイラストをはじめ、女性キャラクター陣の解説やキャスト対談を収録している。,,
シュタインズ・ゲート 公式資料集,,,,,REVISED,初代ゲーム版『STEINS;GATE』のすべてを解き明かす公式資料集。初期キャラクター設定画や世界観の設定、詳細なシナリオ分岐の構成から開発者インタビューまで幅広く網羅。,,
スノウボールアース 2,,,,,REVISED,凍結した地球で生存者たちが暮らす巨大コミュニティに身を寄せた鉄男とユキオ。厳しい環境下で生き抜く人々と交流を深める中、氷海から新たな宇宙怪獣の脅威が迫りくる。,,
スノウボールアース 1,,,,,REVISED,銀河怪獣との決戦を終え、ロボット「ユキオ」と共に10年ぶりに地球へ帰還した少年・鉄男。しかし彼を待っていたのは、謎の寒冷化によって雪と氷に覆われ変わり果てた故郷だった。,,
アニメーションと国家,,,,,REVISED,アニメーション制作がいかに国家の制度や政治的意図と関わってきたかを考察する研究書。戦中のプロパガンダ映画から現代の作品まで、アニメーターの労働環境も含め多角的に論じる。,,
ANIMAGE LIBRARY VOL.1 DVD BOOK「ほしのこえ」,,,,,REVISED,新海誠監督の原点ともいえる商業デビュー作『ほしのこえ』の魅力を詰め込んだDVDブック。本編映像のほか、監督直筆の絵コンテ完全版など、制作の裏側に迫る貴重な資料を収録。,,
最終兵器彼女（2）,,,,,REVISED,シュウジの先輩・ふゆみの登場や、ちせが「最終兵器」として生きる過酷な現実が少しずつ二人の日常を侵食していく。兵器としての力と少女の心の間で揺れ動くちせの葛藤に焦点を当てる。,,
最終兵器彼女（3）,,,,,REVISED,戦争が激化し、ちせが兵器として戦地へ赴く頻度が増していく。シュウジはそんな彼女を必死に支えようと苦悩するが、親しい友人たちの日常にも戦争の暗い影が容赦なく迫りくる。,,
最終兵器彼女（4）,,,,,REVISED,崩壊していく日常から逃れるため、シュウジとちせは二人きりでの逃避行を決意する。海辺の町で束の間の平穏と幸せを求める彼らだったが、残酷な運命は容赦なく愛と絆を試そうとする。,,
最終兵器彼女（5）,,,,,REVISED,激戦の果てに心身ともに深く傷ついたちせ。シュウジは彼女を守るため寄り添い続けるが、戦況の悪化に呼応するかのように、彼女の内なる「兵器」としての側面がさらに暴走を始めてしまう。,,
最終兵器彼女（6）,,,,,REVISED,終わりゆく世界の中で、シュウジとちせは互いの存在だけを頼りに生き抜こうとあがく。大切な友人の死や絶望的な状況を前に、極限状態に置かれた二人が導き出す愛の形を静かに描き出す。,,
最終兵器彼女（7）,,,,,REVISED,兵器としての運命に完全に飲み込まれゆくちせと、ただ一人の少女として彼女を愛し抜こうとするシュウジ。完全に崩壊していく世界を背景に、不器用な二人が最後に選んだ切なくも美しい結末。,,
エロマンガ表現史,,,,,REVISED,成人向け漫画特有のデフォルメや記号的表現を体系的に読み解く画期的な評論書。身体表現の変遷からフェティシズムの系譜まで、膨大な資料をもとにエロマンガ独自の進化の歴史を紐解く。,,
顔ハメ看板　ハマり道,,,,,REVISED,自称「顔ハメ看板ニスト」の塩谷朋之が、全国各地で自ら穴から顔を出して撮影した膨大なコレクションを紹介。看板の魅力を引き出す独自の作法や、深い考察と愛情が綴られた異色の写真集。,,
なぜ働いていると本が読めなくなるのか,,,,,REVISED,就職した途端に本が読めなくなった著者の実体験を出発点に、「労働」と「読書」の歴史的変遷を辿る。仕事と趣味の両立に悩む現代特有の社会構造を紐解き、文化的な生活を取り戻す道を提言する。,,
ひとりあそびの教科書,,,,,REVISED,他人の目を気にせず、純粋に好きなことに夢中になる「ひとりあそび」の楽しみ方を具体的に説いた指南書。模型作りや虫採りなど、孤独にあそぶことで得られる精神的な豊かさと、自分だけの世界を深く掘り下げていくための心構えを丁寧に紹介。周囲の同調圧力から解放されたい大人のための、新しい休日の過ごし方を提案する。,,
現代横歩取りのすべて,,,,,REVISED,最新の横歩取り事情を網羅した将棋の定跡書。後手番で優秀とされた「△8四飛・5二玉型」に対し、先手がどう立ち向かうべきか、具体的な対策と戦術を詳細に解説。難解とされるプロ間の複雑な変化をアマチュアにもわかりやすく体系化しており、現代将棋の最前線を深く学べる実戦的な一冊。,,
ブラッドハーレーの馬車,,,,,REVISED,華やかな歌劇団の舞台に立つことを夢見る孤児院の無垢な少女たち。しかし、名家ブラッドハーレー家の養女として選ばれ、希望に胸を膨らませて馬車に乗った彼女たちを待ち受けていたのは、過酷な刑務所の囚人たちの慰み者となる残酷な運命だった。閉ざされた絶望の中で消費されていく少女たちの過酷な生を抉り出した衝撃作。,,
新海誠論,,,,,REVISED,デビュー作『ほしのこえ』から『すずめの戸締まり』に至る全軌跡を辿る本格的評論集。ロスジェネ世代の著者が、現代の気候変動問題や地方と都市の分断、震災の記憶といった多角的な視点から「思想としての新海誠」を読み解く。日本アニメーション史における彼の特異な立ち位置と作品の底に潜むメッセージを浮き彫りにする。,,
西洋の敗北と日本の選択,,,,,REVISED,『西洋の敗北』の著者が日本に向けて放つ提言書。泥沼化するウクライナ戦争の背景や、急速に進む米国の衰退と西洋社会の内部崩壊を鋭く分析する。価値観を押し付ける米欧のヒステリーに巻き込まれることなく、多極化する世界の中で日本がいかに独自の立ち位置を確保し、生き残るべきか、冷静な視点から実践的な地政学の戦略を説く。,,
あの国の本当の思惑を見抜く 地政学,,,,,REVISED,「地理が『檻』なら国は『囚人』だ」という独自の視点から世界の動向を読み解く地政学の入門書。人気YouTubeチャンネル「社會部部長」の著者が、アメリカ、ロシア、中国といった大国の抱える弱点や戦略的な制約を、山脈や海洋などの地形的要因から平易に解説する。ニュースの裏側に隠された各国の本当の思惑がわかる一冊。,,
絶対に行けない世界の非公開区域99,,,,,REVISED,かつてのヒトラーの地下壕から、厳重に守られたモルモン教の記録保管庫まで、世界中に存在する「一般人が決して立ち入ることのできない」99の非公開区域を網羅。軍事機密施設、立ち入り禁止の孤島、極秘の地下空間など、著しく危険で謎に満ちた場所の数々を、豊富な写真や詳細な地図とともに解説し、探求心を強く刺激する。,,
行方不明展,,,,,REVISED,「行方不明になりたい」という現代人の密かな願望に呼応するかのように現れる、不気味な異世界への扉。気鋭のホラー作家・梨らが手掛け話題を呼んだ同名展覧会の世界観を基に、架空の失踪者たちが残した手紙や写真などの不穏な“痕跡”を精密に収録。ページをめくるごとに日常が侵食されていくような、背筋が凍る恐怖体験を提供する。,,
怪獣から読む戦後ポピュラー・カルチャー,,,,,REVISED,初期『ゴジラ』が持っていた鋭い社会批評性は、なぜ時代とともに消え去ったのか。戦後の特撮怪獣映画から現代のオタク文化へと至る系譜を辿り、日本のポピュラーカルチャーが次第に「非政治的」で無害なものへと変容していった歴史的背景を読み解く研究書。サブカルチャーを通して戦後日本人の精神史と社会構造の変化を浮き彫りにする。,,
イルミナティ ニューワールドオーダー裏解説ブック,,,,,REVISED,9.11のテロや世界的な疫病の流行など、数々の歴史的事件を予言していたとして話題を集める「イルミナティカード」。その全412種の不気味な絵柄が象徴する秘密結社の暗躍や、隠された歴史的背景を独自の都市伝説的視点から詳細に読み解く。世界の陰謀論の深淵をオールカラーで堪能できる、オカルトファン必携の異端の解説本。,,
知識検定事典,,,,,REVISED,幅広い分野の知識を測るオンラインテスト「知識検定」から厳選された計1000問を収録した決定版。政治、経済、歴史から最新のカルチャーまで、大人が真の教養として身につけておくべき森羅万象を楽しいクイズ形式で学べる。単なる正解の羅列にとどまらず、事典レベルの極めて詳しい解説が付いており、知的好奇心を満たす問題集。,,
SAVE THE CATの法則 : 本当に売れる脚本術,,,,,REVISED,ハリウッドの映画会社が即座に「売れる」と判断する脚本にはどんな秘密があるのか。魅力的な物語を15の明確な展開に分解する「ブレイク・スナイダー・ビート・シート」をはじめ、観客の心を掴むための法則を徹底解説。プロの現場で培われたノウハウが詰まった、あらゆるジャンルのクリエイター必読となる超実践的なストーリー創作のバイブル。,,
謎検対策問題集2024春,,,,,REVISED,日本で唯一の「謎検（謎解き能力検定）」に向けた公式対策問題集の2024年春版。2023年秋に出題された過去問50問に加え、書き下ろしのオリジナル模擬試験など、バラエティ豊かな計80問を丁寧な解説付きで収録。ひらめき力や論理的思考力を鍛えたい受検者はもちろん、謎解きファンの実力試しや脳トレにも最適な一冊。,,
真・バトル奥義（9）,,,,,REVISED,『ポケットモンスター オメガルビー・アルファサファイア』におけるシングルバトルの対戦環境に特化したディープな攻略本。トッププレイヤーたちによる高度な戦術解説や、環境を支配する有力パーティの構築理論、効率的な育成調整まで、ガチ対戦でライバルに勝ち抜くための実践的な秘訣を網羅。対戦の奥深さを追求するプレイヤー必携の書。,,
私を球場に連れてって！　1,,,,,REVISED,野球のルールすら知らない女子高生タマは、高校入学初日から熱狂的なパ・リーグファンの同級生、西武レオナの口論に巻き込まれ、無理やりスタジアムへと連行されてしまう。個性豊かなファンたちの異様な熱気や、初めて味わう球場飯の魅力に圧倒されながら、未知の世界へと足を踏み入れていく波乱万丈な観戦ライフの幕開けを描く。,,
私を球場に連れてって！　2,,,,,REVISED,無理やりスタジアムへ連行されたことをきっかけに、少しずつ野球の楽しさを知り始めたタマ。他球団を熱烈に応援する新たなファン仲間たちとの出会いや、各球場ならではの絶品グルメを堪能する中で、贔屓チームの勝敗に一喜一憂するファンの生態に深く触れていく。初心者だった彼女が、独特の空気に魅了されていく過程を描き出す。,,
私を球場に連れてって！　3,,,,,REVISED,今やスタジアム通いがすっかり日常の一部となったタマ。ご当地感溢れる新作の球場飯に舌鼓を打ち、念願のオールスターゲーム観戦では各球団のファンが入り乱れるお祭り騒ぎを満喫する。しかしペナントレースが佳境に入るにつれ、贔屓チームが下位に沈む弱小球団ファンの切実な悲哀と、それでも応援をやめられない深い業が浮き彫りになる。,,
私を球場に連れてって！　4,,,,,REVISED,野球観戦の喜怒哀楽を分かち合ってきたタマと熱狂的な友人たちの高校生活もいよいよ終盤。進路の悩みや環境の変化に直面しながらも、スタジアムに集えば変わらぬ野球愛で結ばれる彼女たちの絆を描く。どんなに負け続けても贔屓チームを見捨てられないファンたちの切なくも温かい情熱とともに、笑いと涙の観戦ライフが大団円を迎える。,,
ぱいどん　AIで挑む手塚治虫の世界,,,,,REVISED,「もし手塚治虫が現代で新作を描いたら」という途方もない夢に挑んだ前代未聞のプロジェクト。最新のAI技術に膨大な過去作品を学習させ、人間のクリエイターと協働することで生み出された新作漫画。高度に管理化された未来社会を舞台に、記憶を失ったホームレスの主人公ぱいどんが難事件に挑む活躍を描き、制作の裏側と全貌も収録する。,,
アニメ95．2,,,,,REVISED,漫画家・春原ロビンソンが「制作進行」時代の実体験を綴る。過酷な現場の日常から業界の裏側まで、アニメ制作のリアルをユーモアたっぷりに描いた貴重なエッセイ漫画。,,
ヘルタースケルター,,,,,REVISED,トップスター・りりこの美しさは、全身に危険な整形を施した「つくりもの」だった。副作用が心身を蝕む中、芸能界の闇と美に執着する女性の崩壊を描く岡崎京子の衝撃作。,,
リバーズ・エッジオリジナル復刻版,,,,,REVISED,90年代の郊外。女子高生ハルナと山田は、河川敷で見つけた死体を秘密の共有物とする。閉塞感の中を生きる若者たちの脆く残酷な青春を描く岡崎京子の代表作。,,
pink新装版,,,,,REVISED,密かにワニを飼うOLユミ。その餌代と自由な生活のため、夜の仕事で稼ぐ彼女の日常を描く。「愛と資本主義」をテーマに80年代の空気を鮮明に切り取った岡崎京子の傑作。,,
プラネテス（1）,,,,,REVISED,2075年、スペースデブリ回収船の乗組員ハチマキたちの日常を描く。ユーリが宇宙で亡くなった妻の形見のコンパスを探す感動のエピソードなどを収録。,,
プラネテス（2）,,,,,REVISED,ハチマキが木星探査船フォン・ブラウン号の乗組員選考試験に挑む。フィーのタバコ騒動やテロリスト「宇宙防衛戦線」との対立など波乱の展開。,,
プラネテス（3）,,,,,REVISED,木星行きを決意し選考試験を通過したハチマキ。一方で宇宙開発への疑問や自己の孤独感に苛まれ、タナベとの関係も大きく揺れ動いていく。,,
プラネテス（4）,,,,,REVISED,木星探査船出航前に起きたテロ事件を乗り越え、ハチマキとタナベは互いの想いを確認する。フォン・ブラウン号がついに木星へと旅立つ完結巻。,,
無職、川、ブックオフ,,,,,REVISED,30歳まで無職だったライターのマンスーンが、自身の無職時代を振り返るエッセイ。深夜の散歩やブックオフ通いなど、当時の怠惰で愉快、かつ切実な日々を綴る。,,
バーナード嬢曰く。,,,,,REVISED,図書室で「読書家ぶりたい」町田さわ子。本を読まない彼女と読書家たちが、『グレッグのダメ日記』などをめぐりドタバタ読書コメディを展開する第1巻。,,
バーナード嬢曰く。（2）,,,,,REVISED,神林のSF語りがヒートアップ。図書委員の長谷川やド嬢の幼馴染・遠藤も巻き込み、『カラマーゾフの兄弟』から百合SFまで幅広く本を語り合う。,,
バーナード嬢曰く。（3）,,,,,REVISED,『フェルマーの最終定理』や『舟を編む』が登場。本を読まないド嬢がなぜか読書家の心を抉る名言を放ち、図書室の常連たちの関係性も深まる第3巻。,,
バーナード嬢曰く。(5),,,,,REVISED,SF好きの神林が『三体』の面白さを熱弁。図書室の蔵書や電子書籍の話題も交えつつ、本を巡るマニアックな会話と「読書家あるある」が炸裂する。,,
バーナード嬢曰く。 (6),,,,,REVISED,読書家たちの「積読」問題や、図書館での本の探し方がテーマに。ド嬢が相変わらず本を読まずに語る一方、長谷川の意外な読書傾向も明らかになる。,,
バーナード嬢曰く。（4）,,,,,REVISED,村上春樹作品のタイトル当てクイズや、『ハリー・ポッター』の話題で盛り上がる。活字離れしつつも、本を通じて仲を深める4人の賑やかな日常。,,
バーナード嬢曰く。 (7),,,,,REVISED,本の帯へのこだわりや、「本棚を見ればその人がわかる」という定説に挑む。ド嬢と神林たちの本にまつわるマニアックで愛に溢れた掛け合いが続く。,,
波よ聞いてくれ（1）,,,,,REVISED,札幌のカレー店員・鼓田ミナレが、失恋のやけ酒でラジオ局Dの麻藤に絡んだ結果、深夜番組のパーソナリティに大抜擢。規格外のラジオDJ伝説が開幕。,,
波よ聞いてくれ（2）,,,,,REVISED,ミナレの番組『波よ聞いてくれ』が本格始動。架空の実況中継や猟奇的な企画をこなしつつ、カレー屋の同僚・中原や元カレを巻き込んだ騒動が勃発する。,,
波よ聞いてくれ（3）,,,,,REVISED,カレー屋の店長が交通事故で離脱し、ミナレがまさかの店長代理に。ラジオではオカルト企画に挑戦し、謎の宗教団体と接触するなど波乱万丈な展開に。,,
波よ聞いてくれ（4）,,,,,REVISED,深夜ラジオのパーソナリティとして奮闘する鼓田ミナレの前に、かつて彼女を騙して50万円を奪った元カレの光雄がついに姿を現す。積年の恨みを晴らすべく、ミナレは因縁の相手を自身のラジオ生放送に引っ張り出す。怒涛の復讐劇が電波に乗って全道に響き渡る、予測不能な展開が待ち受ける。,,
波よ聞いてくれ（5）,,,,,REVISED,謎のカルト教団「波の智慧派」の施設に拉致監禁されてしまった鼓田ミナレと構成作家の久連木。外界との連絡が絶たれる絶体絶命の危機の中、ミナレたちは教団信者たちを前にした前代未聞のラジオ公開録音を決行する。機転と話術を武器に、カルト施設からの決死の脱出劇が幕を開ける。,,
波よ聞いてくれ（6）,,,,,REVISED,鼓田ミナレの前に強烈な個性を持つ母親が突如として札幌へ襲来し、強引にお見合いを勧めてくる。ラジオの仕事を続けたいミナレは、周囲のスタッフやカレー屋の同僚を巻き込み、その場しのぎの偽装交際作戦を企てる。さらに番組では新たな企画が立ち上がり、私生活も仕事もさらなる大波乱へと突入していく。,,
波よ聞いてくれ（7）,,,,,REVISED,ラジオ局のAD・瑞穂が大切に飼っていた亀が突如として失踪し、ミナレたちは必死の捜索劇に巻き込まれていく。一方で、ネット視聴者を集める人気カップルYouTuberからラジオ番組への挑戦状を叩きつけられる。新旧メディアのプライドが激突する中、ミナレの破天荒な話術がネットの波を飲み込んでいく。,,
波よ聞いてくれ（8）,,,,,REVISED,世間がバレンタインデーに沸き立つ中、ミナレの深夜番組でもリスナーからの恋愛相談企画が立ち上がる。しかし、一筋縄ではいかないリスナーたちの複雑な恋愛事情に首を突っ込むうちに、なぜか血みどろの愛憎劇へと巻き込まれていく。聖なる夜を笑いと混沌で塗り替える、ミナレ流の過激な恋愛指導が炸裂する。,,
波よ聞いてくれ（9）,,,,,REVISED,局の看板パーソナリティである茅代まどかの冠番組に、まさかの降板危機が浮上する。普段は反発し合いながらも彼女の実力を認めるミナレは、この最大のピンチを救うべく予想外の行動に打って出る。ラジオ業界のシビアな現実とパーソナリティたちの熱いプライドが交錯する、波乱に満ちた展開が待ち受ける。,,
波よ聞いてくれ（11）,,,,,REVISED,北海道全域を未曾有の大地震が襲い、ブラックアウトによる大混乱に陥る中、ミナレはラジオ局に駆けつける。被災して不安に怯えるリスナーたちに向け、彼女はマイクの前に立ち特別報道番組のパーソナリティを務める。いつもの破天荒さを封印し、言葉の力で人々に寄り添おうとするミナレの新たな一面が描かれる。,,
波よ聞いてくれ（12）,,,,,REVISED,大規模停電の危機を乗り越えたものの、スープカレー屋「ボイジャー」から城華マキエが突然去ってしまい、残されたミナレたちは対応に追われる。そんな中、ミナレは「ラジオくしろ」の人気パーソナリティ・シセル光明の番組へゲスト出演するため釧路へ向かう。新たな出会いが、彼女のラジオ人生に転機をもたらす。,,
STEINS；GATE（1）,,,,,REVISED,秋葉原でヘンテコな発明サークルを主宰する大学生の岡部倫太郎は、天才少女・牧瀬紅莉栖が血に染まって倒れている現場を目撃する。しかし直後、偶然にも過去へメールを送れるタイムマシンを生み出してしまったことで、彼の周囲で不可解な現象が次々と起こり始める。世界線の分岐を巡る、予測不能なSFサスペンス。,,
リスアニ！（vol.49.2）,,,,,REVISED,人気ゲームブランド「Key」の音楽世界をまるごと特集した特別号。『プリマドール』の巻頭特集や、麻枝准が手掛ける『ヘブンバーンズレッド』のクリエイターインタビューを収録。感動的な物語を彩ってきた名曲の数々がどのように生まれたのか、その制作秘話と音楽的魅力の核心に迫る必読の音楽大全。,,
リスアニ！（vol.25）,,,,,REVISED,アニメ音楽の最前線に迫る音楽誌。本号の巻頭特集はTRIGGERと岡田麿里がタッグを組んだ話題作『キズナイーバー』。劇伴や主題歌の視点から作品のテーマを多角的に掘り下げる。さらに『甲鉄城のカバネリ』や『マクロスΔ』など、注目アニメの音楽情報やアーティストインタビューを豊富に収録した充実の一冊。,,
リスアニ！（vol.22）,,,,,REVISED,アニメ音楽の魅力を徹底解剖する本号では、『ラブライブ！The School Idol Movie』を表紙・巻頭で大特集。μsメンバーへのロングインタビューや劇中歌の全曲レビューを通して、作品がもたらした熱狂と音楽的軌跡を振り返る。アニメと音楽の融合が作り出す奇跡の瞬間を切り取った完全保存版。,,
ライトノベルのストラテジー,,,,,REVISED,『涼宮ハルヒの憂鬱』をはじめとするゼロ年代の代表的なライトノベル作品を取り上げ、それらがどのような「戦略」を用いて独自の物語世界を構築していったのかを徹底分析。単なる娯楽小説の枠を超え、サブカルチャーの文脈においてライトノベルがいかなる文学的意義を持っていたのかを鋭く論じた本格文芸評論。,,
アニメ人、オレの映画3本,,,,,REVISED,日本のアニメ界の第一線で活躍するトップクリエイターたちが、自身の人生観や創作活動に多大な影響を与えた「偏愛する映画3本」を厳選。作品への熱い想いや独自の解釈を語り尽くす。プロのアニメーターや監督ならではの鋭い視点とマニアックな語り口が光る、映画ファンもアニメファンも必読のインタビュー集。,,
シナリオのためのSF事典,,,,,REVISED,SF要素を取り入れた物語や世界観を構築したい創作者に向けた、実践的なキーワード事典。「テラフォーミング」や「タイムトラベル」といった定番のSF用語を網羅し、それらを実際のシナリオ作りや情景描写にどう落とし込めば説得力が増すのか、具体的なテクニックとともに分かりやすく解説する必携の創作ガイド。,,
チーム・オルタナティブの冒険,,,,,REVISED,穏やかな地方都市で、まるで「閉じた楽園」のような退屈で平和な日常を過ごしていた高校生の「僕」と仲間たち。しかし、ある女性教師の突然の死をきっかけに、彼らの日常は静かに崩れ始める。謎めいた事件の真相を追い求める少年たちの、ヒリヒリとした焦燥感とひと夏のほろ苦い冒険を描き出す青春ミステリー。,,
アニメの仕事は面白すぎる　絵コンテの鬼・奥田誠治と日本アニメ界のリアル,,,,,REVISED,『鉄腕アトム』の時代からアニメ界の第一線を走り続ける凄腕アニメーター・奥田誠治の熱き自伝。宮崎駿や高畑勲など、業界のレジェンドたちとの知られざる交遊録や衝突の逸話を披露する。当事者だからこそ語れる制作現場の過酷な現実と、それでも抗い難いアニメ作りの魅力を赤裸々に綴った貴重なドキュメント。,,
アニメ秘宝発進準備号オールタイム・ベスト・アニメーション,,,,,REVISED,アニメ業界を知り尽くしたクリエイターや識者50名が、それぞれの「俺ルール」と偏愛に基づいて選出した究極のベストアニメ10作品を発表。名作の裏側に迫るディープなインタビューやコラムも交え、時代を超えて愛されるアニメーションの真髄を多角的な視点から熱く検証する、活字プロレス的な熱量に満ちた一冊。,,
オタク経済圏創世記　GAFAの次は2.5次元コミュニティが世界の主役になる件,,,,,REVISED,アニメやゲームに代表される日本のオタクコンテンツが、いかにして世界市場で成功を収め、独自の経済圏を築き上げたのかを分析。リアルな体験とデジタル空間が高度に融合する「2.5次元コミュニティ」の構造を解き明かし、次世代ビジネスの主役となり得る熱狂的ファンダムのメカニズムと未来の可能性を説く。,,
アニメーターの仕事がわかる本,,,,,REVISED,『呪術廻戦』などで作画監督を務める西位輝実が、過酷とされがちなアニメ業界のリアルな実態を赤裸々に明かす入門書。新人アニメーターの働き方から、原画マンの収入事情、労働環境の課題といったシビアな現実を直視しつつ、技術向上と生き残りのための具体的な生存戦略を指南。プロを目指す人必読の実践的エッセイ。,,
プロジェクト・シン・エヴァンゲリオン　実績・省察・評価・総括,,,,,REVISED,完結編『シン・エヴァンゲリオン劇場版』はいかにして完成したのか。前代未聞の巨大な映画制作の裏側を、プロジェクトマネジメントの観点から徹底的に振り返る公式報告書。スケジュール管理の困難さや予算運用、リモートワーク下での制作進行など、膨大なデータを元に実績と反省点を総括し、次世代の映像制作へ向けた知見を提示する。,,
成瀬は天下を取りにいく,,,,,REVISED,滋賀県大津市を舞台に、我が道を突き進む女子中学生・成瀬あかりの唯一無二の青春を描く連作短編集。「この夏を西武に捧げる」と宣言し、閉店間際の西武大津店に通い詰めてローカルテレビの中継に映り込もうと奮闘する彼女の姿を、幼馴染の島崎をはじめとする周囲の視点からユーモラスかつ温かく描き出す爽快な物語。,,
成瀬は信じた道をいく,,,,,REVISED,滋賀を愛し、我が道を突き進む成瀬あかりの高校最後の1年を描く大反響青春小説の続編。地元のスーパーでのアルバイトや、大津の街を巻き込んだ観光大使としての活動、そして個性的なクラスメイトたちとの交流。大学受験を控えても決してブレることなく、己の信じた道を全力で走り続ける成瀬の圧倒的なエネルギーに心打たれる一冊。,,
王様ゲーム滅亡6．08,,,,,REVISED,日本中の高校生に突突として謎の「王様」から届いた「広島にいる者は岡山へ移動しろ」という不可解な命令。これまでの閉鎖的な学校内でのデスゲームから一転、スケールが全国規模へと拡大し、何百万もの命を巻き込んだ絶望のサバイバルが幕を開ける。パニックに陥る日本列島を舞台に、極限状態の人間の狂気と生存への執念を描く。,,
王様ゲーム（終極）,,,,,REVISED,前回の凄惨なデスゲームを生き延びた唯一の生存者・金沢伸明。彼は過去のトラウマを抱えながらも、転校先の呉広高校で平穏な日々を取り戻そうとしていた。しかし、再びクラス全員の携帯電話に「王様」からの無慈悲な命令メールが届く。より巧妙で残酷になったルールのもと、伸明は絶望の連鎖を断ち切るために再び命懸けのゲームに挑む。,,
王様ゲーム（臨場）,,,,,REVISED,一連の事件の真相を追う女子高生・児玉葉月は、とある廃校で一冊の古いノートを発見する。そこに記されていたのは、のちに伸明と出会うことになる少女・本多奈津子がかつて経験した、もう一つの恐るべき「王様ゲーム」の全貌だった。血塗られた過去の真実と、奈津子が冷酷な性格へと変貌していく悲劇の過程が克明に明かされる。,,
推し、燃ゆ,,,,,REVISED,アイドルグループ「まざま座」の上野真幸を「推す」ことだけを心の支えにして生きる高校生のあかり。学校や家族との関係に生きづらさを抱える彼女だったが、ある日、推しがファンを殴る事件を起こし大炎上してしまう。唯一の絶対的な背骨を失いかけた少女のアイデンティティの揺らぎと、現代における熱狂と虚無を圧倒的な熱量で描き出す。,,
アニメ研究入門【応用編】,,,,,REVISED,アニメーションを学術的な研究対象として多角的に分析・考察するための実践的な11のメソッドを提示する専門書。映像心理学や声優論を通じた身体性の分析、『魔法少女まどか☆マギカ』のマルチモーダル分析など、多様なアプローチを収録。表面的な鑑賞を超え、作品の深層構造や社会的背景を読み解くための高度な視座を提供する。,,
アニメ研究入門増補改訂版,,,,,REVISED,文学理論からジェンダー論、社会学まで、アニメを学問として分析するための9つの基本的な視点をわかりやすく解説した入門書。「海外アニメ」の動向や、「批評と研究の境界」に関する章を新たに追加し、内容を大幅にアップデート。初学者から本格的な研究者まで、アニメーションを深く論理的に考察するための基礎を網羅した決定版。,,
遅いインターネット,,,,,REVISED,SNS等での「速すぎる」情報消費や脊髄反射的な反応が、人々の深い思考力を奪い去る現代。評論家の宇野常寛が、吉本隆明の思想などを手掛かりに、「読む」ことと「書く」ことの往復を通じて自ら考える力を取り戻すための生存戦略を提唱する。情報の濁流に飲み込まれず、自分のペースで世界と向き合う「遅さ」の価値を問う一冊。,,
ご注文はうさぎですか？（1）,,,,,REVISED,石畳と木組みの家々が並ぶ美しい街に引っ越してきた高校生のココア。彼女が下宿先として身を寄せることになった喫茶店「ラビットハウス」を舞台に、クールでちっちゃな看板娘のチノ、軍人氣質の頼れるリゼなど、個性的で可愛い少女たちが織りなす賑やかな日常。コーヒーの香りと温かな笑顔に包まれた、癒やし度満点のドタバタコメディ。,,
ご注文はうさぎですか？（2）,,,,,REVISED,ラビットハウスでの住み込みの仕事にもすっかり慣れたココア。和風喫茶「甘兎庵」で働くおっとりした幼馴染の千夜や、気品あふれる貧乏お嬢様のシャロも仲間に加わり、賑やかさはさらにパワーアップ。みんなで行く海水浴や夏祭りなど、四季折々のイベントを通じて深まっていく少女たちの友情と、ほっこりする日常風景を丁寧に描き出す。,,
ご注文はうさぎですか？（3）,,,,,REVISED,賑やかなラビットハウスの日常は止まらない！文化祭での出し物準備やプールでの水遊びなど、ココアたちのキラキラした高校生活が満載。さらに、チノ、マヤ、メグの3人組による中学生ユニット「チマメ隊」の微笑ましい成長模様や、夜のバータイムに大人たちが織りなす意外な人間関係など、街の様々な表情が楽しめるエピソードが目白押し。,,
ご注文はうさぎですか？　4,,,,,REVISED,チノの父親であるタカヒロの昔の仲間たちや、スランプ気味の小説家・青山ブルーマウンテン先生との心温まる交流。さらに、些細なすれ違いからチノがプチ家出をしてしまう騒動など、おなじみのメンバーの関係性が少しずつ変化し、深まっていく様子を描く。いつものドタバタの中にも、キャラクターたちの成長と絆を感じさせる温かな物語。,,
ご注文はうさぎですか？（5）,,,,,REVISED,ココアの頼れる実の姉・モカが、ラビットハウスに突然やってきた！チノにとっての「一番のお姉ちゃん」の座を巡って、ココアとモカが可愛らしい攻防を繰り広げる。他にも、みんなで出かける秋の紅葉狩りや、ラビットハウスでの温かなクリスマスパーティーなど、秋から冬にかけての季節感あふれるイベントが目白押しのほっこりする日常。,,
ご注文はうさぎですか？（6）,,,,,REVISED,ココアたちの高校生活もいよいよ折り返し地点に。リゼの大学の推薦入試に向けたプレッシャーや、中学生のチノ、マヤ、メグの3人が真剣に話し合う将来の進路相談など、少し先の未来を見据えた選択が描かれる。環境の変化への不安を抱えつつも、ラビットハウスで過ごす変わらない温かな日々が彼女たちの背中を優しく押してくれる物語。,,
ご注文はうさぎですか？　7,,,,,REVISED,チマメ隊の中学卒業という大きな節目が近づく冬。高校受験に向けて、みんなで集まって行う賑やかな勉強会や、思い出作りのための卒業旅行の計画など、受験生ならではの慌ただしくも愛おしい日々。そしてついに迎える卒業式。少女たちがこれまでの思い出を胸に、少しだけ大人への階段を登る感動的な成長と絆の物語が丁寧に描かれる。,,
ご注文はうさぎですか？　8,,,,,REVISED,厳しい受験勉強を乗り越え、チノ、マヤ、メグの3人が揃って無事に高校へと合格！真新しい高校の制服に身を包んだチマメ隊のフレッシュな新生活がいよいよスタートする。合格のお祝いと高校進学の記念を兼ねて、みんなで計画した特別な「旅行」へと出発。新しい環境への期待と、いつもの仲間たちとの変わらない絆が眩しい新章の幕開け。,,
ご注文はうさぎですか？　9,,,,,REVISED,都会への旅先で出会った新たな友達フウラやエル。旅行を通じて見つけた新しい視点と、木組みの街へ戻ってきたココアたちの新たな春。,,
ご注文はうさぎですか？　10,,,,,REVISED,木組みの街にやってきたフウラたちとの交流。ココアやチノたちが先輩・後輩として互いを支え合い、さらに広がるカフェ生活の模様を描く。,,
ご注文はうさぎですか？　11,,,,,REVISED,ココアたちの「ラビットハウス」での日々を描く4コマ。進学した少女たちの成長や、チノが新たな夢を抱くエピソードなど、きらきらした思い出が紡がれる。,,
STEINS；GATEコミックアンソロジー,,,,,REVISED,『シュタインズ・ゲート』の世界を複数の作家が描く短編集。原作とは異なる、岡部倫太郎たちラボメンのコミカルな日常やIFの姿が楽しめるアンソロジーコミック。,,
STEINS；GATE コミックアンソロジー タイムトラベラーズテイル（2）,,,,,REVISED,「タイムトラベル」をテーマに『シュタインズ・ゲート』の世界を複数の作家が描く短編集。些細なDメールが引き起こすバタフライエフェクトなど、ラボメンの日常やIFストーリーが楽しめる。,,
STEINS；GATE コミックアンソロジー タイムトラベラーズテイル（3）,,,,,REVISED,「タイムトラベル」をテーマに『シュタインズ・ゲート』の世界を複数の作家が描く短編集。タイムリープのすれ違いや別の世界線での出来事など、ラボメンの日常やIFストーリーが楽しめる。,,
マジキュー4コマSTEINS；GATE世界線変動率χ．091015％（1）,,,,,REVISED,シリアスな原作とは異なる、デフォルメされた岡部たちラボメンの「あったかも知れない」日常を描く。未来ガジェット研究所でのハチャメチャなギャグが楽しめるアンソロジー4コマ。,,
マジキュー4コマSTEINS；GATE世界線変動率χ．091015％（2）,,,,,REVISED,岡部倫太郎や未来ガジェット研究所の面々が、本編とは異なる「x」の世界線でドタバタな日常を繰り広げる。まゆりのコスプレ衣装作りや紅莉栖のツンデレな反応など、和やかなラボの風景を描く。,,
STEINS;GATE コミックアンソロジー（仮）,,,,,REVISED,『STEINS;GATE』のコミックアンソロジー。岡部倫太郎や椎名まゆりたち未来ガジェット研究所のメンバーが織りなす、個性豊かなオリジナルストーリーを多数収録。,,
マジキュー4コマSTEINS；GATE（4）,,,,,REVISED,本編とは異なる「x」の世界線でドタバタな日常を繰り広げる。フェイリスのメイド喫茶でのドタバタ劇や、ミスターブラウンのブラウン管愛など、秋葉原の住人たちのコミカルな一面を描く。,,
マジキュー4コマSTEINS；GATE（5）,,,,,REVISED,本編とは異なる「x」の世界線でドタバタな日常を繰り広げる。季節の移ろいとともにラボメンたちでお出かけするエピソードや、綯の無邪気で少し怖い交流など、賑やかな日常を描く。,,
マジキュー4コマSTEINS；GATE（6）,,,,,REVISED,本編とは異なる「x」の世界線でドタバタな日常を繰り広げる。これまでラボを彩ってきたメンバー全員が勢揃いし、ドタバタながらも心温まるパーティーのような騒がしい日々を描く。,,
マジキュー4コマSTEINS；GATE（3）,,,,,REVISED,本編とは異なる「x」の世界線でドタバタな日常を繰り広げる。鈴羽のブラウン管工房でのアルバイト風景や、萌郁の極端なメール依存、ルカの神社での手伝いなど、個性的なキャラクターを掘り下げる。,,
NEW　GAME！（1）,,,,,REVISED,高校卒業後、憧れのゲーム会社イーグルジャンプに入社した涼風青葉。憧れの八神コウら先輩たちに囲まれ、新作『フェアリーズストーリー3』の開発が始まる。,,
NEW　GAME！（2）,,,,,REVISED,キャラデザイナーとしての初仕事に挑む青葉。メインキャラコンペに向け、師匠である八神コウとのデザイン対決に奮闘する姿を描く第2期開発編。,,
NEW　GAME！（3）,,,,,REVISED,『フェアリーズストーリー3』のマスターアップに向けてラストスパート。納品直前のデバッグ作業や、チーム全員で迎える発売日の感動を描く。,,
NEW　GAME！（4）,,,,,REVISED,イーグルジャンプに新たな新入社員・望月紅葉と鳴海ツバメが入社！先輩となった青葉は、個性豊かな後輩たちの指導や人間関係に奮闘していく。,,
NEW　GAME！（5）,,,,,REVISED,新作ゲーム『PECO』のメインキャラクターコンペが開催決定。青葉は憧れの先輩・八神コウと同じ土俵で競い合うため、全力を尽くしてデザインに挑む。,,
NEW　GAME！（6),,,,,REVISED,『PECO』の開発もいよいよ佳境。プログラマーのツバメやねねたちの成長を描きつつ、チーム一丸となってゲームのブラッシュアップに励む日常を描く。,,
NEW　GAME！（7）,,,,,REVISED,『PECO』の開発もいよいよ佳境。プログラマーとしての壁にぶつかるツバメや、デバッグチームで経験を積むねねたちの成長を丁寧に描きつつ、チームが一丸となってゲームのブラッシュアップに励むイーグルジャンプの熱い日常を収録。,,
NEW　GAME！（8）,,,,,REVISED,『PECO』の無事発売を経て、イーグルジャンプは新たな一歩を踏み出す。ゲーム開発の達成感と次なる目標に向けて、少しだけ成長した青葉たちがそれぞれの立場でさらに努力を重ねていく、お仕事ガールズコメディの魅力が詰まった一冊。,,
NEW　GAME！（9）,,,,,REVISED,青葉の入社3年目がスタート。ついに大人気シリーズの最新作『フェアリーズストーリー4』の企画が立ち上がり、青葉は憧れのキャラクターデザインを賭けて、ディレクター・コンペというかつてない大きな壁とプレッシャーに挑む。,,
NEW　GAME！（10）,,,,,REVISED,新作『フェアリーズストーリー4』のメインキャラクターを決定するコンペティション。先輩としての意地を見せる青葉と、圧倒的な才能で迫る紅葉が激しく切磋琢磨し、ゲームクリエイターとして互いに高め合う少女たちの真剣な姿を描く。,,
NEW　GAME！（11),,,,,REVISED,『FS4』の開発が本格化し、青葉と紅葉の二人体制による共同デザイン作業がスタート。フランスに渡った八神コウの活躍からも大いに刺激を受けつつ、チーム全体がこれまでにない表現の限界とクオリティの向上に挑んでいく。,,
NEW　GAME！（12）,,,,,REVISED,『FS4』の開発もいよいよ終盤戦へ突入する中、フランスから八神コウが一時帰国を果たす。たくましく成長した青葉の姿に感銘を受けつつ、イーグルジャンプの仲間たちが再び一つになって最高のゲーム完成を目指す胸熱な展開。,,
NEW　GAME！（13）,,,,,REVISED,チーム全員で全力で作り上げてきた『フェアリーズストーリー4』の開発がついにクライマックスを迎える。青葉をはじめとする仲間たちがゲーム制作に捧げた情熱、挫折、そして成長の軌跡を感動的に描き出すシリーズ最終巻。,,
STEINS;GATE : 円環連鎖のウロボロス. 1,,,,,REVISED,幾重にも張り巡らされた運命の糸とタイムリープの代償。椎名まゆりの死と牧瀬紅莉栖の犠牲、ふたつの残酷な選択肢の狭間で深い苦悩を抱える岡部倫太郎が辿り着く、ウロボロスの名を冠したもうひとつの予測不能な世界線を描く。,,
STEINS;GATE : 円環連鎖のウロボロス. 2,,,,,REVISED,繰り返される絶望の中、岡部倫太郎はついに円環の打破に向けて動き出す。まゆりと紅莉栖、どちらも失わない奇跡の未来「シュタインズ・ゲート」を目指し、仲間たちの想いを背負いながら未知のダイバージェンスへと挑む後編。,,
STEINS;GATE 5 (六分儀のイディオム 後編),,,,,REVISED,様々な視点から紡がれてきた裏側のエピソードが交錯し、ついに本編の核心へと迫る。未来ガジェット研究所のラボメンたちが抱える秘めた想いや葛藤が浮き彫りになり、岡部の孤独な戦いを別の角度から深く掘り下げる完結編。,,
STEINS;GATE : 蝶翼のダイバージェンス:Reverse,,,,,REVISED,自称狂気のマッドサイエンティスト・岡部倫太郎と偶然出会った若き天才少女・牧瀬紅莉栖。彼女の理知的な視点から詳細に語られる、タイムマシンの開発過程と、それに伴う過酷な世界線変動に翻弄されるラボメンたちのドラマ。,,
STEINS;GATE. 2 (形而上のネクローシス:Reverse),,,,,REVISED,過去へメールを送れる「Dメール」の無邪気な実験を続ける岡部倫太郎と牧瀬紅莉栖たち。しかし、その軽率な過去改変の積み重ねが、やがて椎名まゆりの命を理不尽に奪い続けるという、逃れられない絶望の未来を引き寄せてしまう。,,
STEINS; GATE 3 (境界面上のシュタインズ・ゲート: Rebirth),,,,,REVISED,何度タイムリープを繰り返しても決して変えることのできない、まゆりの死という運命の収束。岡部倫太郎は愛する者を救い出すため、紅莉栖の献身的な支えを受けながら、最も絶望的な世界線の分岐点に立ち向かう壮絶な決意を固める。,,
STEINS;GATE 4 (六分儀のイディオム 前編),,,,,REVISED,未来ガジェット研究所に集う個性豊かな仲間たち、それぞれの知られざる視点から語られる珠玉のサイドエピソード群。緊迫するメインストーリーの裏側で密かに繰り広げられていた、ラボメンたちの日常と人間ドラマを鮮やかに描く。,,
STEINS;GATE 5 (六分儀のイディオム 後編),,,,,REVISED,様々な視点から紡がれてきた裏側のエピソードが交錯し、ついに本編の核心へと迫る。未来ガジェット研究所のラボメンたちが抱える秘めた想いや葛藤が浮き彫りになり、岡部の孤独な戦いを別の角度から深く掘り下げる完結編。,,
STEINS;GATE : 線形拘束のモザイシズム,,,,,REVISED,電話レンジ（仮）の存在を隠し通そうとする岡部倫太郎のもとに届いた、未来の自分である「鳳凰院凶真」からの謎の指令メール。その指示に従って行動する岡部だが、事態は思わぬ方向へ転がり、やがてまゆりの命を脅かす危機に陥る。,,
Steins;Gate永劫回帰のパンドラ. 1,,,,,REVISED,牧瀬紅莉栖を救出できず、深い失意の底に沈んだままβ世界線を生きる岡部倫太郎。一方、橋田至は阿万音鈴羽の悲願のために暗躍を開始し、紅莉栖が遺した中鉢論文の知識を巡って、新たな世界的陰謀が静かに動き始めようとする。,,
Steins;Gate閉時曲線のエピグラフ,,,,,REVISED,牧瀬紅莉栖を救うことを諦め、彼女が最初から存在しないβ世界線で日常を過ごす岡部倫太郎。ある日、彼は紅莉栖の記憶と人格を完全にトレースした人工知能「アマデウス」とその研究員・比屋定真帆と出会い、再び運命が交錯する。,,
Steins;Gate閉時曲線のエピグラフ 2,,,,,REVISED,亡き牧瀬紅莉栖の記憶を持つAI「アマデウス」と交流を重ねるうち、彼女の面影に心を激しく乱される岡部倫太郎。一方、タイムマシンに乗って未来からやって来た阿万音鈴羽は、世界が破滅する悲惨な未来を変えるべく孤独な足掻きを続ける。,,
STEINS;GATE : 哀心迷図のバベル,,,,,REVISED,まゆりの命を救うため、自らが消滅する未来を選択した牧瀬紅莉栖。過酷な運命を受け入れた彼女が、残されたわずかな時間の中で向き合うのは、長年確執を抱えてきた父・中鉢博士との過去、そして岡部倫太郎への断ち切れない想いだった。天才少女の知られざる内面と葛藤を、彼女自身の視点から深く掘り下げる外伝ストーリー。,,
Steins;gate : 史上最強のスライトフィーバー. 1,,,,,REVISED,「シュタインズ・ゲート」本編の裏側を、若き天才脳科学者・牧瀬紅莉栖の視点から描く物語。タイムマシンの謎を追う彼女の研究者としての果てなき探究心と、岡部倫太郎たち未来ガジェット研究所の面々と過ごす騒がしくも温かい日常が交差する。まだ見ぬ運命の歯車が回り始める前夜の、彼女の揺れ動く心情を鮮明に描き出す。,,
Steins;gate : 史上最強のスライトフィーバー. 2,,,,,REVISED,Dメールによる過去改変の実験がエスカレートしていく中、岡部倫太郎たちと共に未知の領域へと足を踏み入れる牧瀬紅莉栖。父・中鉢博士との深い確執に苦しむ彼女は、自らの辛い過去へ向けてDメールを送信すべきかどうか、研究者としての知的好奇心と一人の少女としての感情の間で激しく葛藤する。紅莉栖の決断がもたらすものとは。,,
Steins ; gate : 亡環のリベリオン 1,,,,,REVISED,絶望的なディストピアと化した2036年の未来世界。世界を支配するSERNに抗うため、レジスタンス組織「ワルキューレ」に身を投じた阿万音鈴羽は、絶望の歴史を変えるべくタイムマシンで過去へ跳ぶ決意を固める。未来の過酷な戦場を生き抜く彼女の孤独な闘いと、使命に懸ける強い意志を描くスピンオフコミック第1弾。,,
Steins ; gate : 亡環のリベリオン 2,,,,,REVISED,歴史を変える鍵となる幻のレトロPC「IBN5100」を手に入れるため、1975年の過去へ跳んだ阿万音鈴羽。しかし彼女は2010年の秋葉原に降り立ち、岡部倫太郎や未来ガジェット研究所の面々と温かい交流を深めていく。平穏な日常に触れるほどに、己に課せられた過酷な使命とのギャップに苦悩する鈴羽の心情を描き出す。,,
Steins;gate : 亡環のリベリオン 3,,,,,REVISED,IBN5100の探索を続ける阿万音鈴羽は、未来の凄惨な絶望を知るがゆえに、時間が迫る中で焦りを募らせていく。岡部倫太郎や仲間たちとの絆を胸に刻み、彼女は世界線の収束という巨大な壁に立ち向かい、歴史を変えるための最後の賭けに出る。絶望の未来に抗い続けた鈴羽の、時を超えた孤独な戦いが迎える一つの結末。,,
シュタインズ・ゲート 1,,,,,REVISED,狂気のマッドサイエンティスト「鳳凰院凶真」を自称する大学生・岡部倫太郎。彼が秋葉原の小さな発明サークルで偶然にも作り出したのは、過去へメールを送れる「電話レンジ（仮）」だった。天才少女・牧瀬紅莉栖らと共にタイムマシンの謎に挑むが、その好奇心がやがて世界の法則を揺るがし、取り返しのつかない事態を招き寄せる。,,
シュタインズ・ゲート. 2,,,,,REVISED,Dメールを使って過去の改変を繰り返していく岡部倫太郎たち。しかし、無邪気な好奇心の代償として歴史は大きく歪み、幼馴染である椎名まゆりの命が容赦なく奪われるという回避不能の惨劇が幕を開ける。幾度タイムリープを繰り返しても同じ結末に収束してしまう絶望の螺旋の中で、岡部は大切な人を救うための孤独な戦いへ身を投じる。,,
シュタインズ・ゲート. 3,,,,,REVISED,まゆりを救うため、絶望的なタイムリープを幾度も繰り返し、世界の構造と運命の真実に迫っていく岡部倫太郎。仲間を守るために重ねてきた過去改変を取り消すという行為は、別の残酷な結末を意味していた。過酷な世界線の分岐点に立たされた彼は、すべてを背負い込み、誰もが笑える未来を掴むために究極の決断を迫られる。,,
スケベ大学 : 公式解説&問題集,,,,,REVISED,エロゲ、BL、百合、コスプレなど、全24の多様な学科にわたり、「スケベを学問する」という前代未聞のコンセプトで現代の欲望カルチャーを熱烈に分析・解説。お笑いコンビ・リップグリップの岩永が独自の視点で書き下ろした、知的好奇心と煩悩を満たす公式ガイド兼問題集。真面目に不真面目を探求する、知的エンタメの一冊。,,
イリヤの空、UFOの夏 その4,,,,,REVISED,ついに伊里野加奈と二人きりでの逃避行へ踏み出した浅羽直之。しかし、過酷な運命を背負う彼女の心と体はすでに限界を迎え、静かに崩壊へと向かっていた。人類の未来を守る使命か、それともたった一人の少女の命か。絶対的な選択を迫られた浅羽が、逃避行の果てに見出した答えとは。切なくも美しい、ひと夏の青春SF完結編。,,
イリヤの空、UFOの夏 その3,,,,,REVISED,園原基地周辺で発生した大規模な爆発事件により、彼らの平穏な日常は完全に終わりを告げる。軍の暗躍や基地の真相を執拗に追う水前寺、そして次第に追い詰められていく伊里野を救うため、浅羽直之の覚悟が試される。日常と非日常の境界が崩れ去り、隠されていた世界の真実と過酷な現実が容赦なく牙を剥く、緊迫のシリーズ第3弾。,,
イリヤの空、UFOの夏 その2,,,,,REVISED,浅羽直之と謎めいた少女・伊里野加奈は、日常を取り戻すかのように初めてのデートへと向かう。しかし、その背後には二人を尾行する不穏な影が忍び寄り、晶穂ら周囲の友人たちの複雑な想いが交錯していく。儚い青春のひとときを楽しむ裏側で、園原基地を巡る軍事機密や非日常の脅威が、確実に彼らの平和な世界を蝕み始めていた。,,
改憲的護憲論,,,,,REVISED,憲法九条をめぐり、長年硬直化している改憲派と護憲派の不毛な対立構造。その現状に強い危機感を抱いたジャーナリストの松竹伸幸が、「改憲的護憲論」という新たなパラダイムを提唱する。旧態依然とした護憲派の矛盾を鋭く突きながら、平和主義を現実的な安全保障の視点から再構築し、日本のあるべき姿に向けた新たな論点を提示する。,,
イリヤの空、UFOの夏 その1,,,,,REVISED,夏休みの最後の夜、浅羽直之は忍び込んだ学校のプールで、手首に謎の金属球を埋め込まれた不思議な少女・伊里野加奈と出会う。彼女との交流を通じて始まる不器用な青春模様の裏で、園原基地を巡るUFO騒動や、黒い戦闘機ブラックマンタの不気味な影が、彼らのありふれた日常を少しずつ、しかし確実に侵食していくSF青春ストーリー。,,
